id,user_id,vehicle_model,battery_capacity_kwh,charging_station_id,charging_station_location,charging_start,charging_end,energy_consumed,charging_duration_hours,charging_rate_kw,charging_cost_usd,time_of_day,day_of_week,soc_start_pct,soc_end_pct,distance_km,temperature_c,vehicle_age_years,charger_type,user_type
1,User_1,BMW i3,108,Station_391,Houston,2024-01-01 00:00,2024-01-01 00:39,60.71,0.59,36.39,13.09,Evening,Tuesday,29.37,86.12,293.6,27.9,2,DC Fast Charger,Commuter
2,User_2,Hyundai Kona,100,Station_428,San Francisco,2024-01-01 01:00,2024-01-01 03:01,12.34,3.13,30.68,21.13,Morning,Monday,10.12,84.66,112.1,14.3,3,Level 1,Casual Driver
3,User_3,Chevy Bolt,75,Station_181,San Francisco,2024-01-01 02:00,2024-01-01 04:48,19.13,2.45,27.51,35.67,Morning,Thursday,6.85,69.92,71.8,21,2,Level 2,Commuter
4,User_4,Hyundai Kona,50,Station_327,Houston,2024-01-01 03:00,2024-01-01 06:42,79.46,1.27,32.88,13.04,Evening,Saturday,83.12,99.62,199.6,38.3,1,Level 1,Long-Distance Traveler
5,User_5,Hyundai Kona,50,Station_108,Los Angeles,2024-01-01 04:00,2024-01-01 05:46,19.63,2.02,10.22,10.16,Morning,Saturday,54.26,63.74,203.7,-7.8,1,Level 1,Long-Distance Traveler
6,User_6,Nissan Leaf,50,Station_335,San Francisco,2024-01-01 05:00,2024-01-01 07:10,43.18,1.17,14.33,36.9,Evening,Saturday,75.22,71.98,143.7,-5.3,0,DC Fast Charger,Long-Distance Traveler
7,User_7,Chevy Bolt,85,Station_162,Houston,2024-01-01 06:00,2024-01-01 07:53,36.86,3.54,26.19,22.21,Evening,Friday,60.75,70.8,81.3,27.6,4,Level 2,Commuter
8,User_8,Chevy Bolt,75,Station_302,Los Angeles,2024-01-01 07:00,2024-01-01 10:42,51.47,2.66,26.7,9.8,Afternoon,Monday,56.2,63.79,116.5,-4.4,0,Level 2,Long-Distance Traveler
9,User_9,Chevy Bolt,62,Station_493,Los Angeles,2024-01-01 08:00,2024-01-01 09:21,43.59,1.72,14.29,32.47,Evening,Wednesday,33.47,92.96,208.3,22.5,4,Level 1,Commuter
10,User_10,Hyundai Kona,50,Station_452,Chicago,2024-01-01 09:00,2024-01-01 12:44,78.87,2.03,11.76,21.31,Morning,Wednesday,27.4,70.05,54,27.5,3,DC Fast Charger,Commuter
11,User_11,BMW i3,50,Station_206,Los Angeles,2024-01-01 10:00,2024-01-01 13:59,18.21,2.65,10.31,38.22,Night,Thursday,76.09,82.27,64.6,0.5,3,DC Fast Charger,Casual Driver
12,User_12,Chevy Bolt,85,Station_78,San Francisco,2024-01-01 11:00,2024-01-01 14:55,22.56,2.06,4.46,14.05,Evening,Sunday,14.62,85.86,194.8,34.3,0,DC Fast Charger,Long-Distance Traveler
13,User_13,Hyundai Kona,100,Station_16,San Francisco,2024-01-01 12:00,2024-01-01 13:00,34.26,3.07,5.52,10.97,Afternoon,Monday,19.21,51.63,249.1,23.7,0,Level 2,Casual Driver
14,User_14,Nissan Leaf,75,Station_327,Houston,2024-01-01 13:00,2024-01-01 15:54,16.56,3.59,19.77,37.44,Morning,Friday,25.78,69.2,159.2,34.1,7,Level 2,Commuter
15,User_15,BMW i3,85,Station_96,Houston,2024-01-01 14:00,2024-01-01 17:32,12.93,3.42,24.21,18.55,Afternoon,Monday,71.68,63.71,155.4,39.5,4,Level 1,Casual Driver
16,User_16,Nissan Leaf,100,Station_147,Los Angeles,2024-01-01 15:00,2024-01-01 17:19,27.35,2.7,11.11,33.09,Evening,Monday,10.68,72.4,247.7,-8.3,2,DC Fast Charger,Long-Distance Traveler
17,User_17,BMW i3,98,Station_2,New York,2024-01-01 16:00,2024-01-01 18:02,24.73,3.46,49.4,17.49,Evening,Thursday,67.59,89.94,237.3,4.4,7,DC Fast Charger,Commuter
18,User_18,Hyundai Kona,50,Station_10,Chicago,2024-01-01 17:00,2024-01-01 20:13,23.82,0.85,6.61,6.43,Evening,Friday,57.6,74.96,22,18.4,6,Level 2,Casual Driver
19,User_19,Tesla Model 3,100,Station_434,New York,2024-01-01 18:00,2024-01-01 21:03,42.64,0.81,20.49,25.08,Evening,Saturday,55.52,52.71,280.9,37.4,0,Level 1,Long-Distance Traveler
20,User_20,BMW i3,50,Station_125,Los Angeles,2024-01-01 19:00,2024-01-01 20:22,48.48,2.58,45.29,7.09,Morning,Wednesday,12.75,116.1,243.3,9.2,3,Level 2,Long-Distance Traveler
21,User_21,Nissan Leaf,50,Station_81,Los Angeles,2024-01-01 20:00,2024-01-01 22:54,50.28,3.17,30.49,28.87,Night,Tuesday,16.55,77.94,15.4,34,3,Level 2,Casual Driver
22,User_22,Hyundai Kona,62,Station_485,New York,2024-01-01 21:00,2024-01-01 22:55,59.14,2.93,0,34.85,Evening,Sunday,71.53,75.97,219.6,-2.8,5,Level 1,Commuter
23,User_23,BMW i3,75,Station_140,Chicago,2024-01-01 22:00,2024-01-02 01:02,49.2,2.56,19.19,14.86,Afternoon,Saturday,49.02,64.48,298.2,40,4,DC Fast Charger,Long-Distance Traveler
24,User_24,Tesla Model 3,100,Station_326,New York,2024-01-01 23:00,2024-01-01 23:31,68.45,2.07,49.71,38.41,Morning,Friday,19.23,74.01,280.9,3.6,5,DC Fast Charger,Commuter
25,User_25,Tesla Model 3,100,Station_150,Houston,2024-01-02 00:00,2024-01-02 01:55,27.6,0.96,11.24,24.04,Morning,Wednesday,65.49,65.35,173.5,36,4,Level 1,Long-Distance Traveler
26,User_26,Chevy Bolt,75,Station_288,San Francisco,2024-01-02 01:00,2024-01-02 03:42,40.18,3.6,12.32,38.76,Morning,Saturday,80.34,80,82.8,21.5,1,DC Fast Charger,Commuter
27,User_27,Chevy Bolt,75,Station_361,Houston,2024-01-02 02:00,2024-01-02 02:33,43.49,3.65,36.18,27.45,Afternoon,Thursday,88.75,87.82,80.9,29.9,0,Level 1,Commuter
28,User_28,Nissan Leaf,50,Station_340,San Francisco,2024-01-02 03:00,2024-01-02 06:13,10.34,1.55,45.78,9.86,Night,Sunday,98.33,94.5,162.7,5.5,0,Level 1,Long-Distance Traveler
29,User_29,BMW i3,75,Station_129,Los Angeles,2024-01-02 04:00,2024-01-02 04:35,31.68,2.44,48.65,25.62,Afternoon,Friday,34.73,54.4,0,20.4,3,Level 2,Casual Driver
30,User_30,BMW i3,75,Station_438,Chicago,2024-01-02 05:00,2024-01-02 07:58,56.59,3.15,45.81,33.13,Afternoon,Friday,29.21,85.01,186.2,12.3,0,DC Fast Charger,Casual Driver
31,User_31,Chevy Bolt,100,Station_239,New York,2024-01-02 06:00,2024-01-02 09:54,19.47,1.44,7.04,36.95,Afternoon,Wednesday,31.32,78.06,0,8.4,2,DC Fast Charger,Casual Driver
32,User_32,BMW i3,100,Station_58,Chicago,2024-01-02 07:00,2024-01-02 09:27,38.29,2.01,12.06,17.01,Evening,Wednesday,75.64,65.62,238.9,2.3,6,Level 1,Commuter
33,User_33,BMW i3,100,Station_198,New York,2024-01-02 08:00,2024-01-02 09:58,16.14,1.31,21.52,26.44,Evening,Monday,23.6,88.2,35.5,39.4,1,Level 2,Casual Driver
34,User_34,Tesla Model 3,62,Station_211,Houston,2024-01-02 09:00,2024-01-02 12:03,60.07,1,7.65,18.03,Afternoon,Monday,22.88,51.43,46.4,14,1,Level 2,Casual Driver
35,User_35,Chevy Bolt,75,Station_402,Houston,2024-01-02 10:00,2024-01-02 13:32,57.72,1.87,4.49,35.5,Afternoon,Friday,41.87,79.65,157.6,28.4,2,DC Fast Charger,Long-Distance Traveler
36,User_36,Hyundai Kona,75,Station_390,New York,2024-01-02 11:00,2024-01-02 14:16,37.37,2.89,18.87,29.87,Evening,Tuesday,24.49,73.38,76.2,59.9,4,Level 1,Commuter
37,User_37,Chevy Bolt,75,Station_45,Chicago,2024-01-02 12:00,2024-01-02 15:10,39.94,3.47,28.63,15.86,Evening,Thursday,85.86,50.4,102.4,31.5,1,DC Fast Charger,Casual Driver
38,User_38,Hyundai Kona,75,Station_97,New York,2024-01-02 13:00,2024-01-02 13:43,73.39,1.04,38.45,15.88,Night,Wednesday,49.28,94.6,42.1,33.9,6,DC Fast Charger,Long-Distance Traveler
39,User_39,Tesla Model 3,85,Station_279,Los Angeles,2024-01-02 14:00,2024-01-02 15:25,61.52,1.28,12.51,26.51,Afternoon,Monday,87.98,79.39,141.2,5.8,7,Level 2,Commuter
40,User_40,Nissan Leaf,100,Station_23,Houston,2024-01-02 15:00,2024-01-02 16:50,68.18,3.24,23.31,8.5,Morning,Thursday,17.04,56.08,130.4,-3.2,2,Level 2,Long-Distance Traveler
41,User_41,BMW i3,80,Station_410,Los Angeles,2024-01-02 16:00,2024-01-02 18:58,67.52,1.96,6.9,29.22,Night,Sunday,80.86,62.53,119.6,35.2,2,Level 2,Casual Driver
42,User_42,Tesla Model 3,100,Station_461,Houston,2024-01-02 17:00,2024-01-02 18:15,39.4,2.4,20.46,26.62,Morning,Saturday,28.25,96.29,111,19.8,3,Level 2,Commuter
43,User_43,BMW i3,85,Station_391,Houston,2024-01-02 18:00,2024-01-02 20:53,12.05,1.37,29.47,32.04,Night,Saturday,36.64,66.98,83.2,39.4,4,Level 1,Commuter
44,User_44,Nissan Leaf,49,Station_335,San Francisco,2024-01-02 19:00,2024-01-02 19:45,77.05,3.03,8.39,6.36,Afternoon,Friday,15.14,84.34,144,22.1,1,DC Fast Charger,Casual Driver
45,User_45,Nissan Leaf,75,Station_44,Los Angeles,2024-01-02 20:00,2024-01-02 22:29,0,3.3,5.11,30.04,Morning,Wednesday,15.22,132.95,49.4,32,4,Level 2,Long-Distance Traveler
46,User_46,Tesla Model 3,62,Station_27,Los Angeles,2024-01-02 21:00,2024-01-02 22:53,46.81,3.88,16.92,10.61,Evening,Saturday,49.3,90.97,210.2,0,1,DC Fast Charger,Commuter
47,User_47,Nissan Leaf,75,Station_282,San Francisco,2024-01-02 22:00,2024-01-03 01:06,67.48,2.11,49.6,19.03,Night,Sunday,63.04,81.75,97.5,3.2,5,Level 1,Commuter
48,User_48,Hyundai Kona,62,Station_97,Chicago,2024-01-02 23:00,2024-01-02 23:37,30.71,1.63,6.35,18.13,Morning,Wednesday,76.12,76.68,18.9,27.9,0,Level 2,Commuter
49,User_49,Nissan Leaf,85,Station_463,Los Angeles,2024-01-03 00:00,2024-01-03 01:57,0,1.74,14.15,13.11,Night,Monday,77.81,87.95,212.9,-4.4,1,Level 1,Casual Driver
50,User_50,BMW i3,100,Station_36,New York,2024-01-03 01:00,2024-01-03 03:40,8.71,2.21,49.28,9.64,Afternoon,Saturday,27.2,86.89,170.5,5.4,6,Level 2,Long-Distance Traveler
51,User_51,BMW i3,85,Station_109,San Francisco,2024-01-03 02:00,2024-01-03 02:48,9.07,0.51,40.18,24.5,Morning,Tuesday,13.87,93.63,226.2,30.7,3,DC Fast Charger,Casual Driver
52,User_52,BMW i3,50,Station_55,Los Angeles,2024-01-03 03:00,2024-01-03 05:06,58.73,1.89,13.18,28.1,Morning,Saturday,83.86,71.37,57.4,1.9,3,Level 1,Commuter
53,User_53,BMW i3,50,Station_192,Chicago,2024-01-03 04:00,2024-01-03 05:35,65.99,3.31,46.28,18.85,Morning,Wednesday,17.39,73.44,235,-7.7,0,Level 2,Long-Distance Traveler
54,User_54,Hyundai Kona,62,Station_219,Los Angeles,2024-01-03 05:00,2024-01-03 06:48,75,1.91,35.93,34.09,Night,Tuesday,87.29,80.42,51.8,17.8,5,DC Fast Charger,Long-Distance Traveler
55,User_55,Chevy Bolt,100,Station_185,Houston,2024-01-03 06:00,2024-01-03 07:55,17.77,3.31,34.46,9.8,Evening,Thursday,27.7,70.51,166.3,19.7,4,DC Fast Charger,Casual Driver
56,User_56,Tesla Model 3,77,Station_69,New York,2024-01-03 07:00,2024-01-03 09:33,50.27,1.68,36.3,38.94,Evening,Saturday,13.49,82.7,134,3,0,DC Fast Charger,Casual Driver
57,User_57,BMW i3,70,Station_317,San Francisco,2024-01-03 08:00,2024-01-03 11:51,76.45,3.87,11.34,30.19,Evening,Wednesday,63.67,55.39,191.9,10.4,2,Level 2,Commuter
58,User_58,Nissan Leaf,62,Station_130,Houston,2024-01-03 09:00,2024-01-03 12:59,77.86,0.92,47.15,28.3,Afternoon,Saturday,56.92,57.47,129.4,38.5,3,DC Fast Charger,Casual Driver
59,User_59,BMW i3,100,Station_55,Chicago,2024-01-03 10:00,2024-01-03 12:59,21.89,1.29,25.37,8.64,Morning,Saturday,80.23,64.67,148.4,5.1,7,DC Fast Charger,Casual Driver
60,User_60,Nissan Leaf,100,Station_378,Houston,2024-01-03 11:00,2024-01-03 12:15,71.28,2.41,40.62,6.74,Evening,Wednesday,26.16,89.92,140.5,33.1,5,Level 2,Casual Driver
61,User_61,Nissan Leaf,62,Station_97,Houston,2024-01-03 12:00,2024-01-03 14:22,21.83,2.08,26.51,36.07,Evening,Tuesday,33.26,51.5,48,38.7,7,Level 1,Casual Driver
62,User_62,BMW i3,75,Station_336,Chicago,2024-01-03 13:00,2024-01-03 15:00,62.72,2.12,31,30.04,Morning,Monday,82.84,72.83,282.9,32.9,7,DC Fast Charger,Casual Driver
63,User_63,Hyundai Kona,124,Station_87,Houston,2024-01-03 14:00,2024-01-03 16:50,46.2,0.65,47.88,30.86,Afternoon,Sunday,53.01,59.9,25,6.2,1,Level 2,Commuter
64,User_64,Nissan Leaf,100,Station_294,San Francisco,2024-01-03 15:00,2024-01-03 16:02,29.35,2.48,6.87,24.65,Night,Saturday,85.33,67.48,127,34.1,0,Level 1,Long-Distance Traveler
65,User_65,Nissan Leaf,50,Station_119,Los Angeles,2024-01-03 16:00,2024-01-03 18:42,76.93,2.12,34.18,34.23,Night,Friday,27.17,92.14,295.9,7.9,3,DC Fast Charger,Casual Driver
66,User_66,BMW i3,62,Station_208,Houston,2024-01-03 17:00,2024-01-03 18:46,59.25,1.28,0,12.22,Night,Thursday,77.04,91.83,167.3,35.3,7,Level 2,Long-Distance Traveler
67,User_67,Nissan Leaf,100,Station_334,San Francisco,2024-01-03 18:00,2024-01-03 21:04,37.06,1.61,15.23,37.88,Morning,Wednesday,7.52,67.8,98.1,16.5,2,Level 2,Long-Distance Traveler
68,User_68,Nissan Leaf,85,Station_413,Los Angeles,2024-01-03 19:00,2024-01-03 21:30,67.7,0.86,32.98,13.78,Afternoon,Saturday,22.49,86.78,81.3,-7.3,6,DC Fast Charger,Casual Driver
69,User_69,BMW i3,75,Station_154,Los Angeles,2024-01-03 20:00,2024-01-03 22:37,16.41,1.7,0,21.67,Morning,Sunday,36.95,77.14,188.5,18.5,7,Level 1,Casual Driver
70,User_70,BMW i3,50,Station_35,Houston,2024-01-03 21:00,2024-01-03 22:47,67.01,3.61,4.09,14.42,Night,Monday,57.68,57.11,276.4,-2.7,4,Level 1,Long-Distance Traveler
71,User_71,Tesla Model 3,75,Station_79,San Francisco,2024-01-03 22:00,2024-01-04 01:01,70.62,3.28,26.07,15.47,Evening,Wednesday,86.23,57.97,23,34.8,3,Level 1,Commuter
72,User_72,Hyundai Kona,75,Station_67,Houston,2024-01-03 23:00,2024-01-04 00:36,61.13,0.95,23.28,37.15,Evening,Saturday,34.9,92.36,58.9,7.7,1,DC Fast Charger,Long-Distance Traveler
73,User_73,Hyundai Kona,85,Station_343,Chicago,2024-01-04 00:00,2024-01-04 02:24,22.88,1.57,29.99,10.71,Evening,Thursday,15.67,96.6,98.5,19.2,3,DC Fast Charger,Commuter
74,User_74,Nissan Leaf,60,Station_413,Los Angeles,2024-01-04 01:00,2024-01-04 02:32,12.89,0.58,40.88,15.2,Night,Friday,31.55,97.46,183.2,28.6,2,Level 1,Long-Distance Traveler
75,User_75,Hyundai Kona,85,Station_34,Houston,2024-01-04 02:00,2024-01-04 04:22,69.17,2.29,5.56,20.77,Afternoon,Wednesday,41.09,74.4,276.6,20,4,Level 1,Casual Driver
76,User_76,Nissan Leaf,50,Station_97,Los Angeles,2024-01-04 03:00,2024-01-04 05:03,0,3.52,9.57,24.79,Night,Saturday,51.28,93.2,171.9,-5.3,4,Level 1,Commuter
77,User_77,Tesla Model 3,100,Station_169,San Francisco,2024-01-04 04:00,2024-01-04 05:17,49.28,3.87,49.41,39.93,Morning,Tuesday,86.33,75.5,246.3,30.1,0,Level 1,Long-Distance Traveler
78,User_78,BMW i3,75,Station_169,New York,2024-01-04 05:00,2024-01-04 08:40,31.22,3.34,30.03,17.6,Afternoon,Monday,39.52,71.27,242.5,39.8,3,Level 2,Commuter
79,User_79,BMW i3,100,Station_151,Houston,2024-01-04 06:00,2024-01-04 09:55,30.65,1.03,28.52,39.32,Evening,Friday,38.12,81.2,12.1,-4.9,1,DC Fast Charger,Casual Driver
80,User_80,BMW i3,75,Station_71,Houston,2024-01-04 07:00,2024-01-04 07:41,59.99,3.73,23.42,15.68,Afternoon,Wednesday,88.1,96.13,281.8,15.1,0,Level 1,Commuter
81,User_81,Hyundai Kona,48,Station_3,Los Angeles,2024-01-04 08:00,2024-01-04 11:05,51.67,0.69,46.6,18.01,Afternoon,Saturday,55.07,62.94,222.3,2.6,7,Level 2,Casual Driver
82,User_82,Tesla Model 3,50,Station_314,San Francisco,2024-01-04 09:00,2024-01-04 12:21,35.91,2.73,25.6,19.28,Night,Friday,48.89,43.05,93.9,33.1,6,Level 1,Casual Driver
83,User_83,Hyundai Kona,85,Station_32,Chicago,2024-01-04 10:00,2024-01-04 13:20,41.61,0.81,0,29.53,Afternoon,Tuesday,55,97.26,94.6,17.7,3,Level 1,Commuter
84,User_84,Hyundai Kona,62,Station_287,San Francisco,2024-01-04 11:00,2024-01-04 13:54,32.83,3.41,44.49,39.67,Night,Wednesday,26.65,63.71,279.9,5.8,1,Level 2,Casual Driver
85,User_85,Tesla Model 3,50,Station_82,Houston,2024-01-04 12:00,2024-01-04 13:09,57.92,1.26,12.54,19.82,Morning,Friday,49.87,54.26,64.1,1.8,1,Level 1,Casual Driver
86,User_86,Tesla Model 3,100,Station_43,Chicago,2024-01-04 13:00,2024-01-04 16:26,21.66,1.89,32.95,18.03,Afternoon,Wednesday,78.43,97.73,170.6,10.4,3,Level 1,Casual Driver
87,User_87,Tesla Model 3,62,Station_391,San Francisco,2024-01-04 14:00,2024-01-04 15:54,41.01,3.37,45.32,18.07,Afternoon,Wednesday,73.62,83.05,103.8,-4.6,3,Level 2,Commuter
88,User_88,Tesla Model 3,62,Station_105,New York,2024-01-04 15:00,2024-01-04 16:26,79.82,2.61,13.01,35.97,Afternoon,Friday,86.11,69.4,274,10.7,2,Level 2,Casual Driver
89,User_89,BMW i3,85,Station_1,Los Angeles,2024-01-04 16:00,2024-01-04 17:56,33.07,1.47,30.34,15.55,Evening,Wednesday,105.03,83.02,164.7,-6.5,1,Level 2,Long-Distance Traveler
90,User_90,Chevy Bolt,75,Station_61,San Francisco,2024-01-04 17:00,2024-01-04 18:53,27.84,2.54,17,12.28,Night,Tuesday,47.99,85.87,79.4,7.5,7,Level 2,Casual Driver
91,User_91,Chevy Bolt,50,Station_270,San Francisco,2024-01-04 18:00,2024-01-04 21:41,28.44,1.08,42.43,13.78,Night,Friday,13.67,96.35,398.4,27.8,0,Level 2,Long-Distance Traveler
92,User_92,Tesla Model 3,62,Station_180,New York,2024-01-04 19:00,2024-01-04 22:52,68.57,2.93,5.45,15.89,Evening,Saturday,50.32,93.89,191.5,37.9,4,Level 1,Commuter
93,User_93,Chevy Bolt,85,Station_224,Houston,2024-01-04 20:00,2024-01-04 23:34,65.43,0.93,20.27,10.4,Night,Sunday,76.47,75.85,71.4,30.2,6,DC Fast Charger,Long-Distance Traveler
94,User_94,Chevy Bolt,75,Station_6,Los Angeles,2024-01-04 21:00,2024-01-04 23:30,71.62,3.52,31.27,21.26,Morning,Friday,51.79,64.55,16.7,-1.7,3,Level 2,Casual Driver
95,User_95,Tesla Model 3,85,Station_103,San Francisco,2024-01-04 22:00,2024-01-05 01:51,7.93,2.34,44.12,33.82,Evening,Tuesday,42.74,72.97,55.7,16.8,7,DC Fast Charger,Casual Driver
96,User_96,Chevy Bolt,25,Station_10,Chicago,2024-01-04 23:00,2024-01-05 00:43,0,1.38,32.44,38.06,Night,Tuesday,48.33,85.07,0,23.4,5,Level 1,Casual Driver
97,User_97,Hyundai Kona,75,Station_71,San Francisco,2024-01-05 00:00,2024-01-05 02:16,55.73,3.83,21.72,38.09,Morning,Tuesday,63.4,68.35,74.1,34.7,0,Level 2,Casual Driver
98,User_98,Nissan Leaf,85,Station_90,Los Angeles,2024-01-05 01:00,2024-01-05 03:33,31.05,0.69,28,6.25,Night,Saturday,47.16,66.19,0,15.6,7,DC Fast Charger,Casual Driver
99,User_99,Nissan Leaf,62,Station_226,San Francisco,2024-01-05 02:00,2024-01-05 05:47,15.92,3.35,17.55,9.53,Evening,Saturday,80.2,73.22,117.8,15.4,1,DC Fast Charger,Casual Driver
100,User_100,Tesla Model 3,100,Station_158,New York,2024-01-05 03:00,2024-01-05 05:09,50.9,3.62,0,28.34,Night,Sunday,54.45,60.56,10.4,30,7,DC Fast Charger,Commuter
101,User_101,BMW i3,77,Station_228,San Francisco,2024-01-05 04:00,2024-01-05 07:53,71.48,0.65,0,11.36,Morning,Sunday,27.58,53.79,197.6,29,3,DC Fast Charger,Casual Driver
102,User_102,Tesla Model 3,100,Station_405,San Francisco,2024-01-05 05:00,2024-01-05 06:12,74.15,4.12,31.28,26,Morning,Wednesday,12.96,52.99,91.4,35.8,0,DC Fast Charger,Long-Distance Traveler
103,User_103,BMW i3,75,Station_126,Chicago,2024-01-05 06:00,2024-01-05 08:28,46.78,3.12,32.08,18.59,Morning,Wednesday,77.52,56.73,246.2,27.3,4,Level 2,Long-Distance Traveler
104,User_104,Nissan Leaf,95,Station_444,New York,2024-01-05 07:00,2024-01-05 07:52,8.47,1.96,16.02,31.24,Night,Thursday,84.4,73.57,297.6,22.2,1,Level 2,Long-Distance Traveler
105,User_105,Tesla Model 3,85,Station_209,New York,2024-01-05 08:00,2024-01-05 11:04,61.7,2.53,30.78,22.49,Evening,Sunday,84.27,57.22,208.6,28.3,6,Level 2,Commuter
106,User_106,Hyundai Kona,62,Station_97,San Francisco,2024-01-05 09:00,2024-01-05 12:35,41.26,3.6,29.08,29.02,Night,Sunday,64.42,73.24,268.5,19.6,6,DC Fast Charger,Long-Distance Traveler
107,User_107,Chevy Bolt,85,Station_74,Chicago,2024-01-05 10:00,2024-01-05 11:06,6.5,1.49,35.93,35.24,Afternoon,Wednesday,67.52,57.35,204.8,36,6,DC Fast Charger,Long-Distance Traveler
108,User_108,BMW i3,147,Station_115,San Francisco,2024-01-05 11:00,2024-01-05 13:43,65.89,3.15,24.83,11.04,Evening,Tuesday,27.38,64.7,74.9,13.4,6,Level 1,Long-Distance Traveler
109,User_109,Chevy Bolt,50,Station_191,San Francisco,2024-01-05 12:00,2024-01-05 13:34,13.26,3.07,47.67,32.91,Afternoon,Thursday,25,90.02,220.7,31.9,3,DC Fast Charger,Commuter
110,User_110,Chevy Bolt,85,Station_495,Los Angeles,2024-01-05 13:00,2024-01-05 15:43,0,3.29,49.88,13.28,Night,Sunday,59.85,56.29,137.1,0,5,Level 1,Long-Distance Traveler
111,User_111,Tesla Model 3,62,Station_170,Los Angeles,2024-01-05 14:00,2024-01-05 17:27,27.43,0.91,32.17,19.78,Evening,Tuesday,74.65,10.08,216.1,-4.2,5,Level 1,Long-Distance Traveler
112,User_112,Chevy Bolt,100,Station_307,Chicago,2024-01-05 15:00,2024-01-05 15:51,7.36,2.43,11.48,13.79,Afternoon,Monday,77.49,71.63,166.7,-7.8,5,Level 2,Commuter
113,User_113,Hyundai Kona,100,Station_448,Houston,2024-01-05 16:00,2024-01-05 18:14,36.14,2.45,36.38,7.87,Night,Sunday,48.61,95.83,48.1,32.3,1,DC Fast Charger,Casual Driver
114,User_114,Chevy Bolt,85,Station_204,Los Angeles,2024-01-05 17:00,2024-01-05 18:57,29.17,1.84,28.5,9.16,Evening,Saturday,64.07,83.79,242,42.7,5,DC Fast Charger,Long-Distance Traveler
115,User_115,Tesla Model 3,85,Station_56,Houston,2024-01-05 18:00,2024-01-05 21:02,43.45,1.41,0,34.68,Morning,Friday,55.71,52.81,38.2,19.9,5,Level 1,Casual Driver
116,User_116,Hyundai Kona,100,Station_208,New York,2024-01-05 19:00,2024-01-05 21:34,26.87,2.46,12.05,17.54,Morning,Monday,28.18,54.56,289.6,7.8,3,Level 1,Long-Distance Traveler
117,User_117,Nissan Leaf,85,Station_41,Los Angeles,2024-01-05 20:00,2024-01-05 21:48,17.93,2.78,25.58,25.5,Morning,Saturday,29.95,76.88,104.4,38.4,7,DC Fast Charger,Commuter
118,User_118,Chevy Bolt,50,Station_32,Los Angeles,2024-01-05 21:00,2024-01-05 22:59,60.47,3.19,0,15.89,Afternoon,Saturday,74.54,79.37,84.4,32.8,2,Level 1,Casual Driver
119,User_119,Tesla Model 3,50,Station_15,Chicago,2024-01-05 22:00,2024-01-06 01:49,17.7,3.46,19.71,19.92,Afternoon,Tuesday,47.81,79.37,258.6,-9.3,7,DC Fast Charger,Commuter
120,User_120,Nissan Leaf,63,Station_62,Houston,2024-01-05 23:00,2024-01-06 00:20,47.71,1.18,0,15.35,Night,Wednesday,49.54,57.94,214.5,34.3,1,DC Fast Charger,Casual Driver
121,User_121,Nissan Leaf,85,Station_155,Los Angeles,2024-01-06 00:00,2024-01-06 03:25,71.19,1.43,10.3,5.14,Morning,Friday,36.88,73.97,276.2,-4.8,6,Level 1,Commuter
122,User_122,BMW i3,75,Station_284,Los Angeles,2024-01-06 01:00,2024-01-06 03:11,39.64,1.93,13.8,6.97,Afternoon,Wednesday,20.42,57.5,0,22.6,6,Level 2,Casual Driver
123,User_123,Hyundai Kona,62,Station_209,Chicago,2024-01-06 02:00,2024-01-06 05:47,24.85,3.32,32.24,19.91,Morning,Wednesday,60.67,53.93,260.7,11.2,3,DC Fast Charger,Casual Driver
124,User_124,Chevy Bolt,50,Station_320,Chicago,2024-01-06 03:00,2024-01-06 05:15,7.52,3.42,10.62,34.76,Night,Sunday,61.76,83.21,126.6,9.8,6,Level 1,Casual Driver
125,User_125,Tesla Model 3,75,Station_494,Houston,2024-01-06 04:00,2024-01-06 07:42,64.42,3.19,24.62,29,Evening,Friday,49.17,62.34,230.5,25.3,2,Level 1,Long-Distance Traveler
126,User_126,BMW i3,85,Station_187,New York,2024-01-06 05:00,2024-01-06 06:29,6.19,1.29,19.72,20.86,Afternoon,Friday,34.6,101.68,275.7,5.7,1,Level 1,Casual Driver
127,User_127,Hyundai Kona,100,Station_498,New York,2024-01-06 06:00,2024-01-06 07:15,37.79,3.62,36,29.12,Afternoon,Monday,88.04,61.07,66,-0.3,1,DC Fast Charger,Casual Driver
128,User_128,BMW i3,85,Station_442,San Francisco,2024-01-06 07:00,2024-01-06 08:05,9.15,2.58,34.05,27.67,Evening,Tuesday,71.45,50.02,223.1,-1.1,2,DC Fast Charger,Long-Distance Traveler
129,User_129,Hyundai Kona,93,Station_130,Los Angeles,2024-01-06 08:00,2024-01-06 11:35,15.66,3.14,7.7,32.14,Afternoon,Wednesday,30.88,51.48,202.1,29.5,2,DC Fast Charger,Long-Distance Traveler
130,User_130,Hyundai Kona,50,Station_127,Houston,2024-01-06 09:00,2024-01-06 12:53,35.55,3.54,45.86,23.37,Night,Tuesday,85.49,74.66,275.6,26.1,4,Level 1,Commuter
131,User_131,Chevy Bolt,100,Station_292,Los Angeles,2024-01-06 10:00,2024-01-06 13:15,47.53,3.8,14.33,31.1,Afternoon,Tuesday,59.93,81.18,139.4,19,3,Level 2,Commuter
132,User_132,Hyundai Kona,100,Station_114,Houston,2024-01-06 11:00,2024-01-06 11:40,36.62,3.36,27.32,11.58,Afternoon,Sunday,66.56,56.24,69.2,24.5,7,Level 2,Long-Distance Traveler
133,User_133,BMW i3,50,Station_199,Houston,2024-01-06 12:00,2024-01-06 12:41,65.49,2.07,37.58,31.15,Evening,Thursday,42.84,83.71,102.2,17.5,6,DC Fast Charger,Long-Distance Traveler
134,User_134,Hyundai Kona,85,Station_13,Houston,2024-01-06 13:00,2024-01-06 16:19,33.89,3.63,18.6,24.47,Night,Monday,40.14,63.35,267.8,-4.2,3,DC Fast Charger,Long-Distance Traveler
135,User_135,Chevy Bolt,48,Station_271,Los Angeles,2024-01-06 14:00,2024-01-06 15:08,47.29,3.29,15.41,46.27,Morning,Wednesday,28.21,50.64,277.5,7.1,7,DC Fast Charger,Long-Distance Traveler
136,User_136,Chevy Bolt,100,Station_89,Chicago,2024-01-06 15:00,2024-01-06 18:48,48.49,0.56,16.76,7.6,Morning,Saturday,35.89,90.85,103.9,0.5,7,Level 2,Long-Distance Traveler
137,User_137,BMW i3,75,Station_215,Los Angeles,2024-01-06 16:00,2024-01-06 18:48,15.01,0.65,13.76,13.73,Evening,Friday,84.24,77.86,220.2,20,6,Level 2,Commuter
138,User_138,Nissan Leaf,85,Station_444,Houston,2024-01-06 17:00,2024-01-06 18:05,30.07,1.27,35.87,35.04,Night,Friday,13.95,93.6,122.8,33,1,DC Fast Charger,Long-Distance Traveler
139,User_139,Nissan Leaf,85,Station_278,San Francisco,2024-01-06 18:00,2024-01-06 19:21,74.11,2.97,32.29,25.66,Evening,Tuesday,33.44,86.9,179.6,14.1,4,Level 1,Long-Distance Traveler
140,User_140,Hyundai Kona,62,Station_447,New York,2024-01-06 19:00,2024-01-06 20:00,66.15,3.06,50.17,36.3,Evening,Monday,75.49,56.12,46.8,32.3,1,Level 2,Commuter
141,User_141,Tesla Model 3,100,Station_474,Houston,2024-01-06 20:00,2024-01-06 21:02,47.38,1.3,48.16,28.11,Morning,Monday,23.64,68.06,0,8.5,4,DC Fast Charger,Casual Driver
142,User_142,Hyundai Kona,62,Station_481,San Francisco,2024-01-06 21:00,2024-01-06 23:50,45.99,2.85,30.6,23.61,Night,Wednesday,34.87,77.64,108.7,3.8,6,Level 2,Commuter
143,User_143,BMW i3,75,Station_203,Chicago,2024-01-06 22:00,2024-01-07 00:55,48.29,2.07,34.39,30.24,Night,Wednesday,61.87,92.69,208.8,-8,6,Level 1,Commuter
144,User_144,BMW i3,50,Station_74,Houston,2024-01-06 23:00,2024-01-07 02:18,78.69,2.86,36.56,7.64,Evening,Tuesday,38.19,82.43,17.2,12.7,7,Level 1,Long-Distance Traveler
145,User_145,BMW i3,93,Station_25,San Francisco,2024-01-07 00:00,2024-01-07 01:27,68.03,1.52,16.4,18.97,Morning,Tuesday,50.7,60.75,148.1,34.8,0,Level 2,Casual Driver
146,User_146,BMW i3,85,Station_101,Houston,2024-01-07 01:00,2024-01-07 04:33,40.25,3.64,33.73,17.24,Night,Tuesday,45.03,77.8,28.5,39,6,DC Fast Charger,Commuter
147,User_147,BMW i3,100,Station_176,Los Angeles,2024-01-07 02:00,2024-01-07 05:01,74.28,1.06,41.34,12.89,Evening,Thursday,66.01,82.71,35.5,4.8,7,Level 2,Casual Driver
148,User_148,Chevy Bolt,85,Station_427,San Francisco,2024-01-07 03:00,2024-01-07 06:50,0,3.88,38.87,20.26,Afternoon,Monday,20.22,99.53,246.4,7.5,1,DC Fast Charger,Commuter
149,User_149,Nissan Leaf,50,Station_117,Los Angeles,2024-01-07 04:00,2024-01-07 06:37,74.95,2.02,43.62,31.58,Morning,Tuesday,72.34,62.45,127.9,12.3,5,Level 2,Long-Distance Traveler
150,User_150,BMW i3,100,Station_166,Los Angeles,2024-01-07 05:00,2024-01-07 06:00,52.88,1.28,35.53,7.95,Night,Sunday,30.6,76.03,186.8,19.2,0,Level 1,Commuter
151,User_151,Tesla Model 3,50,Station_41,San Francisco,2024-01-07 06:00,2024-01-07 07:24,34.97,2.5,19.65,16.53,Night,Monday,36.73,69.41,249.1,9.6,4,Level 2,Commuter
152,User_152,Tesla Model 3,85,Station_429,New York,2024-01-07 07:00,2024-01-07 07:39,55.92,2.55,6.64,25.57,Night,Saturday,46.87,67.96,179.1,15.2,6,DC Fast Charger,Commuter
153,User_153,Tesla Model 3,62,Station_344,San Francisco,2024-01-07 08:00,2024-01-07 11:37,76.6,3.32,31.6,19.34,Morning,Friday,69.31,92.69,291,31.2,3,DC Fast Charger,Casual Driver
154,User_154,Tesla Model 3,100,Station_424,New York,2024-01-07 09:00,2024-01-07 11:39,20.26,1.35,3.02,31.89,Evening,Friday,79.65,88.24,32,36.5,0,Level 1,Casual Driver
155,User_155,Chevy Bolt,50,Station_366,Houston,2024-01-07 10:00,2024-01-07 10:44,56.07,3.25,28.17,7.96,Afternoon,Monday,75.63,55.82,219.4,7.1,4,DC Fast Charger,Long-Distance Traveler
156,User_156,Tesla Model 3,62,Station_120,Houston,2024-01-07 11:00,2024-01-07 11:32,65.05,3.44,22.56,20.8,Night,Saturday,83.59,80.04,188.1,25.3,3,DC Fast Charger,Casual Driver
157,User_157,BMW i3,85,Station_97,San Francisco,2024-01-07 12:00,2024-01-07 13:12,0,2.72,9.95,11.75,Morning,Friday,20.16,87.84,81.4,37.8,3,Level 1,Casual Driver
158,User_158,Hyundai Kona,51,Station_145,Houston,2024-01-07 13:00,2024-01-07 16:08,23.57,0.84,49.78,22,Night,Friday,51.07,79,267.3,-3.1,3,DC Fast Charger,Casual Driver
159,User_159,Tesla Model 3,62,Station_216,Chicago,2024-01-07 14:00,2024-01-07 17:47,0,1.99,21.74,8.61,Evening,Friday,45.19,52.94,56.9,38.6,3,DC Fast Charger,Long-Distance Traveler
160,User_160,Chevy Bolt,100,Station_229,Los Angeles,2024-01-07 15:00,2024-01-07 16:36,41.09,5.22,7.85,37.37,Afternoon,Wednesday,10.71,64.16,35.4,-2.6,7,Level 2,Long-Distance Traveler
161,User_161,Chevy Bolt,58,Station_313,Los Angeles,2024-01-07 16:00,2024-01-07 17:25,49,3.74,2.56,15.93,Night,Saturday,15.6,98,85.1,15.6,6,Level 2,Long-Distance Traveler
162,User_162,Tesla Model 3,85,Station_130,New York,2024-01-07 17:00,2024-01-07 18:32,10.28,2.36,45.69,7.05,Morning,Wednesday,27.84,52.21,39.3,35.1,2,Level 2,Long-Distance Traveler
163,User_163,Hyundai Kona,85,Station_352,Houston,2024-01-07 18:00,2024-01-07 21:52,45.57,3.27,11.09,34.03,Evening,Monday,45.71,87.23,217.6,-9.1,1,Level 2,Commuter
164,User_164,Tesla Model 3,62,Station_377,New York,2024-01-07 19:00,2024-01-07 19:44,69.11,3.28,22.99,9.36,Afternoon,Monday,58.58,62.96,101.4,1.5,1,Level 2,Long-Distance Traveler
165,User_165,Chevy Bolt,103,Station_318,Los Angeles,2024-01-07 20:00,2024-01-07 22:18,37.76,3.4,32.73,26.22,Morning,Thursday,74.68,64.65,156.4,2.2,6,Level 2,Long-Distance Traveler
166,User_166,Nissan Leaf,85,Station_472,Los Angeles,2024-01-07 21:00,2024-01-07 23:25,14.5,2.55,21.24,30.87,Night,Wednesday,30.76,56.51,119.4,-5.6,1,Level 2,Commuter
167,User_167,BMW i3,75,Station_137,Houston,2024-01-07 22:00,2024-01-08 00:01,54.64,3.25,19.71,18.84,Morning,Monday,27.02,85.54,130.6,12.6,5,Level 1,Commuter
168,User_168,Chevy Bolt,75,Station_324,Chicago,2024-01-07 23:00,2024-01-08 01:47,67.89,3.01,9.68,11.33,Afternoon,Wednesday,64.31,77.58,32.9,16.3,6,Level 2,Casual Driver
169,User_169,Tesla Model 3,100,Station_337,Chicago,2024-01-08 00:00,2024-01-08 03:15,22.74,1.03,29.64,8.23,Evening,Thursday,76.23,85.78,281,-2.9,4,DC Fast Charger,Casual Driver
170,User_170,BMW i3,85,Station_273,Houston,2024-01-08 01:00,2024-01-08 02:16,56.02,1.04,37.85,14.58,Evening,Monday,18.04,61.93,14.7,11.5,7,Level 1,Long-Distance Traveler
171,User_171,Tesla Model 3,85,Station_117,Houston,2024-01-08 02:00,2024-01-08 03:26,127.76,0.98,9.29,20.34,Night,Monday,27.65,90.3,104,18.4,1,Level 2,Casual Driver
172,User_172,Tesla Model 3,100,Station_306,New York,2024-01-08 03:00,2024-01-08 04:19,13.88,0.52,9.91,26.91,Night,Monday,40.8,71.38,136.3,24.8,5,Level 2,Commuter
173,User_173,Nissan Leaf,75,Station_368,Houston,2024-01-08 04:00,2024-01-08 05:40,0,3.47,32.6,37.21,Night,Monday,68.79,75.67,62.4,27.9,7,DC Fast Charger,Casual Driver
174,User_174,BMW i3,100,Station_94,Chicago,2024-01-08 05:00,2024-01-08 07:52,47.82,2.05,6.08,35.99,Night,Tuesday,61.58,97.96,90.1,7.2,2,Level 1,Casual Driver
175,User_175,BMW i3,50,Station_168,Houston,2024-01-08 06:00,2024-01-08 08:55,71.14,1.73,14.83,37.02,Afternoon,Saturday,73.16,75.75,150.3,17.4,5,DC Fast Charger,Long-Distance Traveler
176,User_176,Nissan Leaf,85,Station_442,New York,2024-01-08 07:00,2024-01-08 08:51,6.09,3.28,4.87,9.19,Night,Saturday,14.45,61.79,54.8,6.2,2,DC Fast Charger,Commuter
177,User_177,Chevy Bolt,50,Station_203,New York,2024-01-08 08:00,2024-01-08 10:25,33.1,2.18,16.69,36.52,Morning,Wednesday,79.5,53.57,174.4,-7.9,8,Level 1,Commuter
178,User_178,Tesla Model 3,96,Station_341,New York,2024-01-08 09:00,2024-01-08 11:14,78.83,2.92,8.42,23.3,Afternoon,Wednesday,12.48,78.61,118.7,4.8,0,DC Fast Charger,Casual Driver
179,User_179,Hyundai Kona,100,Station_149,New York,2024-01-08 10:00,2024-01-08 11:57,63.24,0.84,5.26,39.7,Afternoon,Wednesday,31.11,50.16,133,30.8,2,Level 1,Casual Driver
180,User_180,Tesla Model 3,50,Station_402,San Francisco,2024-01-08 11:00,2024-01-08 11:31,50.16,3.98,29.09,8.85,Night,Thursday,62.13,95.4,42.4,18.5,7,DC Fast Charger,Casual Driver
181,User_181,Tesla Model 3,50,Station_183,Houston,2024-01-08 12:00,2024-01-08 14:13,21.82,0.86,97.34,13.1,Afternoon,Sunday,78.27,76.9,240.8,10.3,5,Level 1,Long-Distance Traveler
182,User_182,Chevy Bolt,50,Station_413,Los Angeles,2024-01-08 13:00,2024-01-08 14:53,61,3.03,5.72,20.42,Morning,Tuesday,44.95,66.2,232.3,27.5,6,Level 2,Casual Driver
183,User_183,Tesla Model 3,62,Station_152,Houston,2024-01-08 14:00,2024-01-08 15:12,47.31,0.97,10.16,25.92,Afternoon,Sunday,40.49,98.82,260.7,23.7,5,Level 1,Casual Driver
184,User_184,Nissan Leaf,62,Station_74,San Francisco,2024-01-08 15:00,2024-01-08 18:03,33.78,1.35,48.77,22.9,Afternoon,Wednesday,86.1,60.26,59.1,58.1,5,DC Fast Charger,Long-Distance Traveler
185,User_185,Nissan Leaf,62,Station_365,New York,2024-01-08 16:00,2024-01-08 17:40,47.84,1.61,36.25,11.35,Morning,Wednesday,61.58,55.66,258.7,31.4,6,DC Fast Charger,Commuter
186,User_186,BMW i3,50,Station_401,San Francisco,2024-01-08 17:00,2024-01-08 20:15,10.64,3.08,19.17,6.5,Morning,Monday,66.58,69.16,81.3,20.6,6,Level 2,Long-Distance Traveler
187,User_187,Hyundai Kona,103,Station_274,Chicago,2024-01-08 18:00,2024-01-08 20:03,72.24,3.5,14.44,24.33,Afternoon,Sunday,83.21,83.21,131.3,3.9,2,Level 2,Casual Driver
188,User_188,Tesla Model 3,85,Station_42,Chicago,2024-01-08 19:00,2024-01-08 20:11,36.16,3.1,46.33,37.21,Evening,Monday,12.67,86.88,87.1,28.7,2,Level 2,Casual Driver
189,User_189,Tesla Model 3,50,Station_496,Houston,2024-01-08 20:00,2024-01-08 22:42,63.63,2.04,9.99,35.03,Afternoon,Sunday,41.01,71.25,0,5.1,1,Level 1,Commuter
190,User_190,Chevy Bolt,50,Station_212,Houston,2024-01-08 21:00,2024-01-08 23:48,8.35,2.31,47.48,19.75,Morning,Sunday,43.32,62.97,311.6,3,5,Level 1,Long-Distance Traveler
191,User_191,Nissan Leaf,100,Station_101,Los Angeles,2024-01-08 22:00,2024-01-08 23:34,65.83,3.71,7.25,7.45,Morning,Monday,82.15,58.36,65.3,-7.4,0,Level 1,Casual Driver
192,User_192,Hyundai Kona,100,Station_45,Los Angeles,2024-01-08 23:00,2024-01-09 00:03,55.19,1.41,0,23.68,Morning,Wednesday,152.49,68.13,249,30.7,0,Level 1,Commuter
193,User_193,BMW i3,85,Station_82,Chicago,2024-01-09 00:00,2024-01-09 02:29,55.98,1.11,13.8,31.53,Evening,Monday,2.33,71.04,67.9,11.4,5,Level 1,Casual Driver
194,User_194,Nissan Leaf,62,Station_17,New York,2024-01-09 01:00,2024-01-09 01:30,38.51,0.98,15.81,38.19,Morning,Wednesday,37.91,57.54,253,21.4,3,DC Fast Charger,Commuter
195,User_195,BMW i3,85,Station_73,San Francisco,2024-01-09 02:00,2024-01-09 04:39,13.11,0.57,14.55,28.93,Night,Sunday,12.04,91.07,201.6,1.9,7,DC Fast Charger,Casual Driver
196,User_196,Chevy Bolt,75,Station_14,Los Angeles,2024-01-09 03:00,2024-01-09 05:57,7.82,3.46,5.1,32.27,Night,Thursday,70.55,50.1,50.3,29.9,6,DC Fast Charger,Casual Driver
197,User_197,Chevy Bolt,50,Station_433,Los Angeles,2024-01-09 04:00,2024-01-09 05:30,52.51,2.76,17.13,43.16,Evening,Thursday,30.48,90.93,152.3,-7.4,0,Level 1,Commuter
198,User_198,Tesla Model 3,85,Station_157,New York,2024-01-09 05:00,2024-01-09 07:58,12.13,0.98,32.1,31.07,Morning,Friday,47.72,62.36,212.6,-1.2,3,Level 2,Commuter
199,User_199,Hyundai Kona,75,Station_223,New York,2024-01-09 06:00,2024-01-09 07:57,28.99,3.28,0,8.69,Morning,Tuesday,39.67,60.73,196,7.2,3,DC Fast Charger,Casual Driver
200,User_200,BMW i3,62,Station_132,Houston,2024-01-09 07:00,2024-01-09 08:37,13.49,2.67,29.87,27.32,Night,Monday,82.89,52.65,0,-5.7,1,DC Fast Charger,Commuter
201,User_201,Nissan Leaf,62,Station_338,San Francisco,2024-01-09 08:00,2024-01-09 10:36,80.73,2.88,36.78,12.95,Night,Saturday,70.52,92.97,211.6,4.7,4,Level 1,Casual Driver
202,User_202,Chevy Bolt,85,Station_404,New York,2024-01-09 09:00,2024-01-09 11:49,53.59,3.45,6.93,7.44,Afternoon,Monday,58.07,92.27,102,7.4,6,Level 1,Casual Driver
203,User_203,Tesla Model 3,62,Station_376,Los Angeles,2024-01-09 10:00,2024-01-09 10:51,72.83,0.6,47.53,36.36,Evening,Tuesday,81.72,65.99,186.7,-8.8,2,Level 1,Long-Distance Traveler
204,User_204,Tesla Model 3,85,Station_376,Los Angeles,2024-01-09 11:00,2024-01-09 13:57,64.23,2.82,29.93,5.94,Afternoon,Sunday,69.29,64.34,268.9,3.9,0,DC Fast Charger,Casual Driver
205,User_205,BMW i3,100,Station_47,Chicago,2024-01-09 12:00,2024-01-09 13:51,17.85,2.51,48.38,38.5,Evening,Tuesday,43.82,58.45,269,19.3,2,Level 2,Casual Driver
206,User_206,Chevy Bolt,62,Station_107,New York,2024-01-09 13:00,2024-01-09 15:38,63.85,3.89,37.23,8.32,Morning,Sunday,17.58,74.05,128.4,28.2,3,Level 1,Commuter
207,User_207,Hyundai Kona,85,Station_108,Houston,2024-01-09 14:00,2024-01-09 14:59,70.99,0.78,12.56,13.17,Morning,Friday,72.9,68.05,189.4,4.8,7,Level 1,Long-Distance Traveler
208,User_208,Chevy Bolt,85,Station_265,San Francisco,2024-01-09 15:00,2024-01-09 17:35,62.25,3.43,18.59,15.58,Evening,Tuesday,78.6,99.52,102.9,20.8,6,Level 2,Commuter
209,User_209,BMW i3,89,Station_205,Houston,2024-01-09 16:00,2024-01-09 18:06,78.64,0.61,34.82,31.45,Afternoon,Wednesday,74.35,50.72,0,22,6,Level 2,Commuter
210,User_210,BMW i3,85,Station_79,Los Angeles,2024-01-09 17:00,2024-01-09 17:53,6.96,2.42,22.67,26.22,Night,Monday,16.34,78.76,86.6,29.6,1,Level 2,Casual Driver
211,User_211,Chevy Bolt,85,Station_155,Houston,2024-01-09 18:00,2024-01-09 18:43,75.19,3.62,53.17,14.74,Evening,Tuesday,17.16,64.31,150,24.9,5,Level 1,Casual Driver
212,User_212,BMW i3,50,Station_271,Los Angeles,2024-01-09 19:00,2024-01-09 20:05,1.75,0.8,8.43,22.72,Evening,Wednesday,27.12,78.97,65.9,25.9,2,Level 1,Casual Driver
213,User_213,Chevy Bolt,82,Station_476,Los Angeles,2024-01-09 20:00,2024-01-09 23:46,73.61,3.67,3.86,14.12,Evening,Tuesday,46.81,86.6,162.1,33.9,7,DC Fast Charger,Commuter
214,User_214,Nissan Leaf,62,Station_485,Los Angeles,2024-01-09 21:00,2024-01-10 00:52,6.38,0.9,33.84,27.8,Morning,Saturday,46.18,99.01,169.1,-3,2,DC Fast Charger,Commuter
215,User_215,Chevy Bolt,62,Station_247,Los Angeles,2024-01-09 22:00,2024-01-09 22:53,51.16,1.29,15,39.82,Evening,Wednesday,44.27,90.67,35.5,31.9,2,DC Fast Charger,Casual Driver
216,User_216,Chevy Bolt,75,Station_19,Los Angeles,2024-01-09 23:00,2024-01-10 02:37,28.23,1.22,23.44,36.34,Morning,Thursday,61.79,65.22,91.1,24.3,7,DC Fast Charger,Commuter
217,User_217,BMW i3,62,Station_346,Chicago,2024-01-10 00:00,2024-01-10 02:04,67.92,3.7,41.74,32.18,Night,Wednesday,63.58,89.94,157,14.3,5,DC Fast Charger,Long-Distance Traveler
218,User_218,BMW i3,75,Station_436,Houston,2024-01-10 01:00,2024-01-10 02:24,15.27,2.87,5.37,7.63,Night,Friday,86.95,85.14,113.7,6.9,6,DC Fast Charger,Long-Distance Traveler
219,User_219,Tesla Model 3,85,Station_26,Chicago,2024-01-10 02:00,2024-01-10 05:54,50.64,2.23,29.63,38.25,Afternoon,Sunday,31.57,70.65,195,6.4,3,Level 1,Long-Distance Traveler
220,User_220,Tesla Model 3,50,Station_217,Chicago,2024-01-10 03:00,2024-01-10 06:57,52.05,2.94,5.23,25,Morning,Wednesday,74.87,64.37,154,4.8,4,DC Fast Charger,Commuter
221,User_221,Nissan Leaf,75,Station_154,New York,2024-01-10 04:00,2024-01-10 04:53,57.9,0.61,15.38,28.14,Night,Tuesday,58.6,77.23,266.7,15.7,7,Level 1,Long-Distance Traveler
222,User_222,Tesla Model 3,75,Station_154,New York,2024-01-10 05:00,2024-01-10 08:54,30.9,0.67,40.56,14.44,Night,Thursday,24.83,61.28,13,33.5,4,Level 1,Casual Driver
223,User_223,Chevy Bolt,47,Station_174,New York,2024-01-10 06:00,2024-01-10 09:01,35.35,3.13,5.5,12.65,Afternoon,Thursday,41.21,98.92,219.2,-8.7,4,Level 2,Casual Driver
224,User_224,BMW i3,75,Station_92,San Francisco,2024-01-10 07:00,2024-01-10 10:31,11.93,2.75,49.42,25.99,Afternoon,Wednesday,29.33,88.43,192.2,-3.4,0,Level 1,Casual Driver
225,User_225,Tesla Model 3,62,Station_433,New York,2024-01-10 08:00,2024-01-10 08:55,55.46,0.58,20.99,16.65,Afternoon,Tuesday,78.79,55.02,90.4,15.9,3,Level 1,Long-Distance Traveler
226,User_226,Tesla Model 3,50,Station_338,Houston,2024-01-10 09:00,2024-01-10 12:43,44.16,3.98,23.75,5.55,Morning,Thursday,81.45,89.29,33.6,-5.3,7,Level 1,Long-Distance Traveler
227,User_227,Nissan Leaf,100,Station_480,Chicago,2024-01-10 10:00,2024-01-10 11:49,65.24,0.88,46.97,24.75,Evening,Saturday,27.08,55.75,95.7,20.4,4,Level 2,Commuter
228,User_228,Nissan Leaf,50,Station_181,Houston,2024-01-10 11:00,2024-01-10 14:15,20.46,3.65,18.6,7.67,Morning,Wednesday,18.13,56.11,62.9,25.4,7,Level 1,Casual Driver
229,User_229,Chevy Bolt,27,Station_131,New York,2024-01-10 12:00,2024-01-10 13:34,49.19,1.91,32.36,9.12,Afternoon,Wednesday,64.42,99.6,120.4,2.8,5,Level 2,Commuter
230,User_230,BMW i3,85,Station_450,San Francisco,2024-01-10 13:00,2024-01-10 14:44,32.64,0.56,29.2,5.78,Evening,Sunday,51.56,73.55,183.6,29.9,0,DC Fast Charger,Long-Distance Traveler
231,User_231,Nissan Leaf,85,Station_481,San Francisco,2024-01-10 14:00,2024-01-10 17:28,66.62,1.23,45.51,22.34,Night,Wednesday,62.39,79.43,286.1,-1,0,Level 1,Commuter
232,User_232,Tesla Model 3,62,Station_298,Chicago,2024-01-10 15:00,2024-01-10 18:12,33.37,0.61,10.2,35.96,Morning,Thursday,26.85,99.64,244.1,26.9,0,DC Fast Charger,Casual Driver
233,User_233,BMW i3,121,Station_275,Houston,2024-01-10 16:00,2024-01-10 17:12,68.83,2.47,16.94,33.86,Afternoon,Monday,70.75,55.33,139,-2,0,Level 1,Commuter
234,User_234,BMW i3,75,Station_273,Los Angeles,2024-01-10 17:00,2024-01-10 17:58,65.89,0.74,36.49,9.14,Afternoon,Tuesday,18.87,65.02,77.3,11.7,5,Level 2,Commuter
235,User_235,Tesla Model 3,62,Station_492,Houston,2024-01-10 18:00,2024-01-10 21:14,0,2.17,41.53,9.08,Evening,Friday,18.86,98.32,139.2,1.6,3,DC Fast Charger,Long-Distance Traveler
236,User_236,Nissan Leaf,75,Station_417,New York,2024-01-10 19:00,2024-01-10 20:50,12.67,2.82,18.72,32.18,Morning,Friday,35.92,67.08,296.1,29.4,3,Level 1,Long-Distance Traveler
237,User_237,Tesla Model 3,50,Station_76,Los Angeles,2024-01-10 20:00,2024-01-10 23:35,25.35,0.61,16.88,19.33,Night,Tuesday,72.4,67.43,73.4,3,0,Level 1,Long-Distance Traveler
238,User_238,BMW i3,100,Station_177,San Francisco,2024-01-10 21:00,2024-01-10 22:23,37.93,1.71,0,36.21,Night,Monday,35.55,87.94,69.6,-1.3,2,Level 2,Long-Distance Traveler
239,User_239,Hyundai Kona,75,Station_184,Chicago,2024-01-10 22:00,2024-01-10 23:08,0,0.69,30,23.49,Evening,Sunday,32.64,60.22,111.2,-8.6,6,Level 1,Casual Driver
240,User_240,Hyundai Kona,50,Station_319,Chicago,2024-01-10 23:00,2024-01-11 00:11,31.88,1.38,23.47,38.29,Evening,Sunday,68.82,92.84,249.8,38.2,6,DC Fast Charger,Casual Driver
241,User_241,Chevy Bolt,50,Station_131,San Francisco,2024-01-11 00:00,2024-01-11 03:05,29.58,3.2,37.18,16.67,Night,Sunday,24.74,80.6,248.9,5.8,5,Level 2,Commuter
242,User_242,Tesla Model 3,100,Station_363,New York,2024-01-11 01:00,2024-01-11 01:58,37.51,3.52,6.34,23.23,Evening,Sunday,31.2,76.03,203.7,30.1,1,DC Fast Charger,Casual Driver
243,User_243,Tesla Model 3,62,Station_49,San Francisco,2024-01-11 02:00,2024-01-11 05:20,7.85,2.56,0,25.95,Evening,Tuesday,89.85,85.15,26.4,39.6,3,DC Fast Charger,Commuter
244,User_244,Chevy Bolt,100,Station_55,New York,2024-01-11 03:00,2024-01-11 05:40,66.52,0.21,15.1,34.74,Morning,Wednesday,19.51,63.49,123.6,-6.8,4,Level 1,Long-Distance Traveler
245,User_245,Chevy Bolt,100,Station_154,Los Angeles,2024-01-11 04:00,2024-01-11 06:47,0,2.01,74.61,7.89,Evening,Saturday,82.22,77.02,206.7,27.4,2,Level 1,Commuter
246,User_246,Chevy Bolt,62,Station_355,San Francisco,2024-01-11 05:00,2024-01-11 08:36,29.84,3.47,14.04,9.06,Afternoon,Tuesday,17.26,53.66,195.5,19.2,7,Level 2,Commuter
247,User_247,BMW i3,100,Station_200,New York,2024-01-11 06:00,2024-01-11 08:51,59.78,3.84,28.46,13.52,Afternoon,Tuesday,72.52,69.19,134.4,18.1,6,Level 2,Casual Driver
248,User_248,Tesla Model 3,95,Station_308,Los Angeles,2024-01-11 07:00,2024-01-11 10:53,76.36,2.97,10.89,68.93,Afternoon,Saturday,80.68,64.03,213.5,36.5,5,Level 2,Commuter
249,User_249,BMW i3,100,Station_356,San Francisco,2024-01-11 08:00,2024-01-11 11:24,60.41,1.71,48.79,17.9,Evening,Thursday,77.01,82.53,99.5,12.9,2,DC Fast Charger,Casual Driver
250,User_250,Chevy Bolt,85,Station_373,Chicago,2024-01-11 09:00,2024-01-11 10:11,44.79,3.43,35.39,36.91,Night,Friday,20.08,76.26,283.9,10.6,6,DC Fast Charger,Commuter
251,User_251,Tesla Model 3,75,Station_118,San Francisco,2024-01-11 10:00,2024-01-11 12:03,22.23,3.38,0,27.52,Afternoon,Friday,30.81,57.71,227.5,0.5,1,DC Fast Charger,Casual Driver
252,User_252,BMW i3,100,Station_263,Houston,2024-01-11 11:00,2024-01-11 14:09,22.28,2.31,18.21,24.41,Morning,Wednesday,83.64,59.26,114.5,21.7,3,DC Fast Charger,Long-Distance Traveler
253,User_253,BMW i3,85,Station_46,San Francisco,2024-01-11 12:00,2024-01-11 13:01,29.01,2.53,43.01,12.29,Evening,Saturday,70.25,92.5,199.6,1.1,3,Level 1,Casual Driver
254,User_254,Chevy Bolt,75,Station_302,Houston,2024-01-11 13:00,2024-01-11 16:19,61.12,2.71,28.4,20.04,Night,Sunday,28.72,52.96,172.7,-3.1,1,Level 2,Long-Distance Traveler
255,User_255,Tesla Model 3,62,Station_356,Los Angeles,2024-01-11 14:00,2024-01-11 17:09,65.55,3.58,12.16,24.21,Night,Sunday,47.91,97.31,153.2,28.7,3,Level 1,Casual Driver
256,User_256,Chevy Bolt,50,Station_400,San Francisco,2024-01-11 15:00,2024-01-11 15:55,76.58,0.62,10.57,36.69,Evening,Wednesday,47.06,71.89,33.6,16.5,0,Level 1,Long-Distance Traveler
257,User_257,Tesla Model 3,50,Station_408,Los Angeles,2024-01-11 16:00,2024-01-11 18:24,37.09,0.85,23.62,19.54,Evening,Thursday,53.71,53.3,180.1,14.7,7,DC Fast Charger,Long-Distance Traveler
258,User_258,Hyundai Kona,100,Station_189,Los Angeles,2024-01-11 17:00,2024-01-11 19:38,56.36,3.21,0,35.07,Morning,Wednesday,25.44,68.93,233.9,5.9,0,Level 2,Casual Driver
259,User_259,Nissan Leaf,85,Station_310,New York,2024-01-11 18:00,2024-01-11 19:25,6.35,1.05,4.11,10.03,Evening,Saturday,47.2,85.13,40.7,-0.2,5,DC Fast Charger,Long-Distance Traveler
260,User_260,Nissan Leaf,62,Station_318,Los Angeles,2024-01-11 19:00,2024-01-11 21:31,60.52,3.08,14.16,22.67,Evening,Saturday,25.51,64.21,219.1,-8.8,4,DC Fast Charger,Commuter
261,User_261,Nissan Leaf,50,Station_129,Los Angeles,2024-01-11 20:00,2024-01-11 22:15,49.62,3.73,28.55,12.88,Night,Monday,43.91,98.39,260.7,11.3,6,Level 2,Commuter
262,User_262,Chevy Bolt,100,Station_49,San Francisco,2024-01-11 21:00,2024-01-11 23:39,54.13,1.25,13.62,31.94,Afternoon,Thursday,69.63,88.99,175.2,-9.8,7,Level 2,Long-Distance Traveler
263,User_263,Hyundai Kona,45,Station_25,San Francisco,2024-01-11 22:00,2024-01-11 23:50,13.09,3.24,36.48,36.61,Afternoon,Saturday,16.78,91.51,233.6,-1.4,3,Level 1,Long-Distance Traveler
264,User_264,Tesla Model 3,75,Station_266,Chicago,2024-01-11 23:00,2024-01-12 02:07,7.42,1.91,15.1,36.54,Night,Saturday,61.36,59.94,0,22.2,5,DC Fast Charger,Long-Distance Traveler
265,User_265,BMW i3,143,Station_118,New York,2024-01-12 00:00,2024-01-12 02:29,47.09,3.31,5.13,31.22,Evening,Thursday,85.19,76.4,35.1,13.4,7,DC Fast Charger,Casual Driver
266,User_266,Tesla Model 3,100,Station_464,Los Angeles,2024-01-12 01:00,2024-01-12 04:48,0,0.5,0,23.6,Morning,Sunday,48.54,78.14,269.5,-5.9,6,DC Fast Charger,Commuter
267,User_267,BMW i3,85,Station_144,New York,2024-01-12 02:00,2024-01-12 03:21,56.82,0.87,21.27,15.83,Afternoon,Tuesday,17.45,53.85,263.7,39.8,2,Level 2,Long-Distance Traveler
268,User_268,Tesla Model 3,75,Station_442,Houston,2024-01-12 03:00,2024-01-12 05:00,36.53,2.65,5.09,32.24,Evening,Sunday,80.02,75.53,97.7,11.3,7,DC Fast Charger,Long-Distance Traveler
269,User_269,Hyundai Kona,100,Station_200,Los Angeles,2024-01-12 04:00,2024-01-12 06:46,58.15,1.99,34.97,25.39,Afternoon,Tuesday,17.46,82.13,236.8,35.6,7,DC Fast Charger,Casual Driver
270,User_270,BMW i3,10,Station_157,New York,2024-01-12 05:00,2024-01-12 05:51,63.59,3.33,28.6,5.09,Night,Monday,18.28,63.03,150,2.8,4,DC Fast Charger,Commuter
271,User_271,Chevy Bolt,85,Station_487,Chicago,2024-01-12 06:00,2024-01-12 07:03,55.42,2.31,30.64,36.43,Afternoon,Sunday,88.07,64.81,176.9,-8.4,5,DC Fast Charger,Long-Distance Traveler
272,User_272,Tesla Model 3,50,Station_348,Chicago,2024-01-12 07:00,2024-01-12 09:19,12.92,3.38,9.14,11.5,Night,Saturday,48.08,71.16,188.6,-2.4,4,Level 1,Commuter
273,User_273,Tesla Model 3,75,Station_134,Los Angeles,2024-01-12 08:00,2024-01-12 09:18,70.24,3.37,31.88,18.53,Night,Thursday,72.55,91.9,34.5,7.1,4,Level 2,Casual Driver
274,User_274,BMW i3,50,Station_400,Houston,2024-01-12 09:00,2024-01-12 11:38,47.9,1.16,22.06,35.04,Night,Thursday,48.98,75.49,32.2,-3,5,Level 1,Commuter
275,User_275,Chevy Bolt,62,Station_148,Chicago,2024-01-12 10:00,2024-01-12 11:42,59.15,3.88,14.88,32.07,Morning,Tuesday,40,57.35,0,-1.9,3,Level 2,Long-Distance Traveler
276,User_276,Chevy Bolt,75,Station_336,Chicago,2024-01-12 11:00,2024-01-12 12:53,6.46,3.47,5.34,37.46,Evening,Sunday,88.22,91.94,0,38.4,4,DC Fast Charger,Long-Distance Traveler
277,User_277,Hyundai Kona,100,Station_71,Houston,2024-01-12 12:00,2024-01-12 13:22,79,3.89,26.98,11.29,Night,Friday,22.53,93.3,39.7,7.7,3,Level 2,Commuter
278,User_278,Chevy Bolt,78,Station_233,New York,2024-01-12 13:00,2024-01-12 15:09,19.92,2.81,32.21,10.47,Night,Friday,43.91,80.06,205.6,10.4,7,Level 1,Casual Driver
279,User_279,Chevy Bolt,62,Station_334,Chicago,2024-01-12 14:00,2024-01-12 16:33,73.23,3.52,23.62,16.97,Afternoon,Saturday,14.08,60.69,0,35.8,5,DC Fast Charger,Casual Driver
280,User_280,Chevy Bolt,75,Station_299,San Francisco,2024-01-12 15:00,2024-01-12 18:17,15.06,3.22,14.77,15.67,Evening,Tuesday,49.87,82.18,68.5,28.1,1,Level 1,Casual Driver
281,User_281,Nissan Leaf,62,Station_154,Chicago,2024-01-12 16:00,2024-01-12 17:14,12.13,2.67,40.2,34.87,Morning,Saturday,32.07,77.49,92.1,25.2,7,Level 1,Casual Driver
282,User_282,Hyundai Kona,100,Station_90,New York,2024-01-12 17:00,2024-01-12 20:45,30.53,2.3,19.02,35.16,Morning,Wednesday,52.91,67.22,132.6,2.3,6,Level 1,Long-Distance Traveler
283,User_283,Tesla Model 3,50,Station_334,New York,2024-01-12 18:00,2024-01-12 20:46,20.35,2.42,11.16,26.17,Afternoon,Thursday,109.27,82.33,116.2,2.8,1,Level 2,Commuter
284,User_284,BMW i3,50,Station_199,Los Angeles,2024-01-12 19:00,2024-01-12 21:14,6.48,2.13,0,37.21,Morning,Sunday,52.62,83.35,77.8,26.6,0,Level 1,Long-Distance Traveler
285,User_285,Tesla Model 3,100,Station_161,San Francisco,2024-01-12 20:00,2024-01-12 22:59,14.02,1.83,6.29,25.54,Afternoon,Sunday,59,90.81,22.5,33.3,8,Level 2,Commuter
286,User_286,Hyundai Kona,85,Station_26,New York,2024-01-12 21:00,2024-01-12 23:55,61.83,1.4,49.16,8.02,Evening,Saturday,36.85,92.68,81,-2.3,0,Level 1,Commuter
287,User_287,BMW i3,75,Station_121,Houston,2024-01-12 22:00,2024-01-13 01:53,51.62,1.3,43.16,28.15,Afternoon,Monday,22.79,58.66,186,7.9,7,Level 1,Casual Driver
288,User_288,Hyundai Kona,100,Station_301,San Francisco,2024-01-12 23:00,2024-01-13 01:15,13.32,0.89,21.63,9.97,Afternoon,Sunday,81.56,177.71,87.3,38.8,7,Level 2,Casual Driver
289,User_289,Chevy Bolt,85,Station_212,San Francisco,2024-01-13 00:00,2024-01-13 01:12,37.64,2.67,19.6,27.9,Night,Friday,34.93,79.46,0,-9.7,0,Level 2,Commuter
290,User_290,BMW i3,75,Station_63,Houston,2024-01-13 01:00,2024-01-13 04:16,70.62,0.64,18.34,14.74,Morning,Saturday,25.72,99.59,188.5,-4.8,2,Level 1,Commuter
291,User_291,Chevy Bolt,75,Station_451,Chicago,2024-01-13 02:00,2024-01-13 05:50,74.49,2.86,32.95,31.65,Evening,Wednesday,55.66,52.57,160.7,26.3,5,Level 1,Commuter
292,User_292,Tesla Model 3,75,Station_436,Houston,2024-01-13 03:00,2024-01-13 05:43,32.52,2.29,31.55,10.04,Evening,Thursday,23.43,83.74,294.1,25.9,2,DC Fast Charger,Long-Distance Traveler
293,User_293,Tesla Model 3,100,Station_68,Houston,2024-01-13 04:00,2024-01-13 05:17,78.4,0.53,29.75,34.3,Night,Sunday,49.66,83.25,119.8,-9.3,1,Level 1,Commuter
294,User_294,BMW i3,50,Station_253,Chicago,2024-01-13 05:00,2024-01-13 07:35,65.32,1.29,41.88,17.84,Afternoon,Wednesday,54.3,87.55,32.1,-9.4,3,Level 1,Long-Distance Traveler
295,User_295,BMW i3,62,Station_410,Chicago,2024-01-13 06:00,2024-01-13 06:36,30.64,1.63,46.85,36.96,Evening,Saturday,62.18,53.74,151.5,21.1,3,DC Fast Charger,Commuter
296,User_296,Hyundai Kona,85,Station_459,Chicago,2024-01-13 07:00,2024-01-13 10:57,78.16,1.55,7.35,15.06,Evening,Thursday,78.18,80.78,114.8,20.8,4,Level 1,Casual Driver
297,User_297,Hyundai Kona,75,Station_2,Chicago,2024-01-13 08:00,2024-01-13 11:46,5.34,1.35,29.15,39.59,Afternoon,Thursday,16.36,88.04,67.7,29.2,0,Level 1,Commuter
298,User_298,Chevy Bolt,75,Station_398,Chicago,2024-01-13 09:00,2024-01-13 09:45,29.32,2.06,36.76,26.74,Afternoon,Tuesday,54.75,80.77,200.5,6.3,0,Level 2,Commuter
299,User_299,BMW i3,75,Station_108,Houston,2024-01-13 10:00,2024-01-13 12:38,23.99,3.27,32.93,20.65,Evening,Tuesday,87.85,75.36,205.2,5.9,5,Level 2,Long-Distance Traveler
300,User_300,Tesla Model 3,100,Station_286,Los Angeles,2024-01-13 11:00,2024-01-13 13:24,5.7,1.09,40.48,16.58,Afternoon,Monday,54.54,81.03,221.6,32.6,3,Level 2,Commuter
301,User_301,Hyundai Kona,65,Station_49,Los Angeles,2024-01-13 12:00,2024-01-13 13:06,54.53,0.64,41.49,9.77,Morning,Monday,73.36,73.14,250.4,31.2,0,Level 1,Long-Distance Traveler
302,User_302,Hyundai Kona,50,Station_140,New York,2024-01-13 13:00,2024-01-13 16:14,56.32,3.35,14.25,31.34,Evening,Sunday,63.93,87.7,174.1,-6.3,7,Level 2,Long-Distance Traveler
303,User_303,Tesla Model 3,75,Station_218,Los Angeles,2024-01-13 14:00,2024-01-13 16:34,0,2.76,15.29,26.58,Afternoon,Wednesday,75.32,89.87,197.7,21.1,6,Level 1,Casual Driver
304,User_304,Hyundai Kona,75,Station_44,Los Angeles,2024-01-13 15:00,2024-01-13 16:50,65.23,2.76,18.07,29.44,Evening,Tuesday,45.51,83.41,207,4.1,0,DC Fast Charger,Casual Driver
305,User_305,Chevy Bolt,100,Station_417,Houston,2024-01-13 16:00,2024-01-13 19:41,23.54,2.59,3.51,23.22,Evening,Thursday,17.17,39.32,192.9,14.5,4,Level 2,Casual Driver
306,User_306,BMW i3,75,Station_269,Chicago,2024-01-13 17:00,2024-01-13 18:31,18.55,1.83,13.86,16.48,Night,Tuesday,37.87,66.17,46.2,26.7,7,DC Fast Charger,Casual Driver
307,User_307,Tesla Model 3,33,Station_78,Chicago,2024-01-13 18:00,2024-01-13 19:41,20.76,2.69,23.99,30.69,Morning,Thursday,27.4,55.23,155.2,8.3,2,Level 1,Long-Distance Traveler
308,User_308,BMW i3,85,Station_216,Houston,2024-01-13 19:00,2024-01-13 22:38,46.45,3.94,42.84,5.06,Morning,Tuesday,12.79,70.72,3.8,26.5,2,Level 1,Commuter
309,User_309,Hyundai Kona,85,Station_382,Los Angeles,2024-01-13 20:00,2024-01-13 22:34,49.75,2.01,33.7,18.59,Night,Thursday,62.64,87.47,177.3,31.5,0,DC Fast Charger,Long-Distance Traveler
310,User_310,Hyundai Kona,100,Station_98,Houston,2024-01-13 21:00,2024-01-14 00:10,66.17,1.59,4.1,37.06,Night,Wednesday,57.52,59.22,19.8,12.6,2,DC Fast Charger,Casual Driver
311,User_311,Tesla Model 3,85,Station_236,New York,2024-01-13 22:00,2024-01-13 23:35,0,2.14,12.43,30.35,Evening,Tuesday,11.31,61.9,50.1,22.8,1,DC Fast Charger,Commuter
312,User_312,Chevy Bolt,60,Station_282,Chicago,2024-01-13 23:00,2024-01-13 23:59,49.84,1.65,20.87,12.25,Morning,Friday,41.38,62.03,40.8,-4.8,6,DC Fast Charger,Long-Distance Traveler
313,User_313,Nissan Leaf,75,Station_149,San Francisco,2024-01-14 00:00,2024-01-14 00:49,50.66,0.56,41.88,34.02,Night,Friday,79.26,76.34,206.7,14.1,2,Level 2,Commuter
314,User_314,Tesla Model 3,62,Station_412,New York,2024-01-14 01:00,2024-01-14 04:37,6.89,3.5,29.45,13.15,Afternoon,Thursday,63,70.59,270.4,4.1,7,DC Fast Charger,Long-Distance Traveler
315,User_315,Nissan Leaf,75,Station_304,New York,2024-01-14 02:00,2024-01-14 03:51,64.76,0.54,31.45,9,Evening,Wednesday,68.68,63.14,213.7,-5.4,1,Level 2,Commuter
316,User_316,Nissan Leaf,50,Station_484,Houston,2024-01-14 03:00,2024-01-14 05:16,55.42,3.67,39.08,11.68,Morning,Thursday,74.61,62.06,204.7,-9.4,1,DC Fast Charger,Commuter
317,User_317,Chevy Bolt,85,Station_424,Los Angeles,2024-01-14 04:00,2024-01-14 07:51,37.77,4.62,4.03,32.36,Evening,Wednesday,52.13,93.21,96.8,1.7,7,DC Fast Charger,Casual Driver
318,User_318,Nissan Leaf,75,Station_66,Chicago,2024-01-14 05:00,2024-01-14 08:01,44.07,0.74,18.14,37.81,Evening,Monday,43.36,72.86,261.5,21.1,6,Level 2,Casual Driver
319,User_319,Nissan Leaf,50,Station_234,San Francisco,2024-01-14 06:00,2024-01-14 08:41,76.71,2.72,37.73,9.42,Afternoon,Tuesday,57.42,53.72,189.9,20.6,2,Level 1,Commuter
320,User_320,Chevy Bolt,75,Station_457,New York,2024-01-14 07:00,2024-01-14 08:06,6.52,0.95,34.45,9.84,Afternoon,Wednesday,80.47,52.87,86.1,1.2,7,Level 1,Commuter
321,User_321,Nissan Leaf,85,Station_87,San Francisco,2024-01-14 08:00,2024-01-14 10:41,23.02,2.91,23.68,20.86,Night,Thursday,78.1,68.35,89.4,12,3,Level 1,Casual Driver
322,User_322,Nissan Leaf,100,Station_79,Los Angeles,2024-01-14 09:00,2024-01-14 10:46,62.32,2.92,22.42,7.16,Afternoon,Sunday,21.82,61.29,22.6,11.1,6,Level 1,Long-Distance Traveler
323,User_323,Nissan Leaf,62,Station_205,Los Angeles,2024-01-14 10:00,2024-01-14 11:58,64.52,1.72,39.25,38.18,Morning,Sunday,31.49,66.3,75.8,0.4,6,Level 2,Commuter
324,User_324,Tesla Model 3,100,Station_279,San Francisco,2024-01-14 11:00,2024-01-14 14:54,53,3.53,38.37,6.45,Night,Monday,10.95,69.3,27.9,14.2,6,Level 1,Long-Distance Traveler
325,User_325,Tesla Model 3,75,Station_337,Chicago,2024-01-14 12:00,2024-01-14 14:55,74.74,0.1,44.05,27.74,Morning,Sunday,27.62,61.33,56.3,10,3,Level 2,Casual Driver
326,User_326,Tesla Model 3,62,Station_254,Los Angeles,2024-01-14 13:00,2024-01-14 14:57,17.89,3.71,3.66,25.22,Morning,Thursday,32.15,113.21,0,-4.3,5,Level 2,Commuter
327,User_327,Chevy Bolt,100,Station_304,San Francisco,2024-01-14 14:00,2024-01-14 17:43,18.85,2.41,47.45,7.32,Night,Friday,84.31,62.8,237.1,-2.9,1,Level 2,Long-Distance Traveler
328,User_328,Hyundai Kona,100,Station_380,New York,2024-01-14 15:00,2024-01-14 18:25,58.38,1.88,4.67,33.86,Afternoon,Friday,15.36,56.58,96.9,17,3,Level 2,Casual Driver
329,User_329,Nissan Leaf,62,Station_130,San Francisco,2024-01-14 16:00,2024-01-14 17:02,57.82,2.17,0,31.92,Evening,Tuesday,66.55,77.72,222.7,34,1,Level 2,Commuter
330,User_330,Nissan Leaf,85,Station_84,San Francisco,2024-01-14 17:00,2024-01-14 18:27,13.32,1.38,24.74,12.39,Afternoon,Saturday,52.79,92.87,284,35.7,4,DC Fast Charger,Long-Distance Traveler
331,User_331,Chevy Bolt,85,Station_276,Houston,2024-01-14 18:00,2024-01-14 21:50,14.5,2.24,37.66,11.91,Morning,Tuesday,51.14,99.99,168,12.2,3,Level 2,Commuter
332,User_332,Nissan Leaf,85,Station_187,Los Angeles,2024-01-14 19:00,2024-01-14 19:57,26.34,1.97,19.95,17.65,Morning,Sunday,11.86,57.09,216.5,-2.1,3,Level 1,Long-Distance Traveler
333,User_333,Tesla Model 3,6,Station_46,Chicago,2024-01-14 20:00,2024-01-14 21:04,50.6,3.47,9.86,27.99,Night,Monday,29.94,73.76,211.6,33.2,2,Level 2,Long-Distance Traveler
334,User_334,Hyundai Kona,75,Station_387,Chicago,2024-01-14 21:00,2024-01-14 23:34,0,1.08,11.05,17.59,Morning,Sunday,71.3,95.31,56.5,19.4,7,Level 1,Commuter
335,User_335,BMW i3,62,Station_183,Houston,2024-01-14 22:00,2024-01-15 00:47,103.81,3.53,16.59,17.67,Night,Friday,52.8,89.35,99.9,8.3,3,Level 2,Casual Driver
336,User_336,Nissan Leaf,62,Station_268,Chicago,2024-01-14 23:00,2024-01-15 00:34,70.4,0.55,20.75,20.16,Night,Wednesday,84.36,62.15,240.3,-7.9,7,Level 1,Commuter
337,User_337,Tesla Model 3,46,Station_296,San Francisco,2024-01-15 00:00,2024-01-15 01:11,77.17,1.41,17.57,11.76,Afternoon,Friday,19.95,95.1,0,3.5,4,Level 2,Casual Driver
338,User_338,BMW i3,62,Station_322,Houston,2024-01-15 01:00,2024-01-15 02:54,62.19,0.56,20.45,19.48,Morning,Saturday,24.39,88.83,277.7,14.3,4,DC Fast Charger,Long-Distance Traveler
339,User_339,Hyundai Kona,62,Station_100,New York,2024-01-15 02:00,2024-01-15 04:46,71.91,2.89,10.55,21.33,Afternoon,Tuesday,86.49,70.9,140.1,-4.8,7,Level 1,Long-Distance Traveler
340,User_340,BMW i3,62,Station_78,Los Angeles,2024-01-15 03:00,2024-01-15 06:37,79.98,0.92,0,27.86,Evening,Thursday,88.19,62.31,295.8,6.2,8,Level 1,Long-Distance Traveler
341,User_341,Tesla Model 3,100,Station_272,Los Angeles,2024-01-15 04:00,2024-01-15 06:20,5.78,1.84,33.75,24.99,Afternoon,Sunday,25.12,59.05,96.3,37.1,1,Level 2,Casual Driver
342,User_342,BMW i3,50,Station_339,Los Angeles,2024-01-15 05:00,2024-01-15 05:44,53.81,0.51,22.34,15.79,Morning,Monday,52.44,82.42,116.7,0,2,Level 1,Long-Distance Traveler
343,User_343,Chevy Bolt,100,Station_162,San Francisco,2024-01-15 06:00,2024-01-15 09:34,38.66,2.37,26.72,16.32,Evening,Saturday,68.12,56.48,257.9,29.2,6,Level 2,Commuter
344,User_344,BMW i3,50,Station_44,New York,2024-01-15 07:00,2024-01-15 08:38,56.69,2.39,45,32.99,Morning,Friday,46.59,76.38,140.3,25.1,0,DC Fast Charger,Long-Distance Traveler
345,User_345,Nissan Leaf,85,Station_238,Houston,2024-01-15 08:00,2024-01-15 10:14,40.16,2.52,28.48,13.37,Evening,Wednesday,35.04,94.56,94,13.4,2,DC Fast Charger,Casual Driver
346,User_346,Nissan Leaf,62,Station_134,Houston,2024-01-15 09:00,2024-01-15 11:59,42.52,0.93,39.91,7.23,Morning,Saturday,88.95,63.74,191.1,10.3,4,Level 2,Casual Driver
347,User_347,Chevy Bolt,50,Station_461,Los Angeles,2024-01-15 10:00,2024-01-15 11:33,29.3,1.87,30.98,37.16,Afternoon,Wednesday,125.09,97.06,296.2,7.6,7,Level 2,Commuter
348,User_348,Tesla Model 3,50,Station_192,New York,2024-01-15 11:00,2024-01-15 12:10,67.23,0.5,37.24,21.01,Morning,Wednesday,38.02,94.37,57.6,12.3,6,DC Fast Charger,Commuter
349,User_349,Nissan Leaf,85,Station_356,New York,2024-01-15 12:00,2024-01-15 13:40,0,2.92,17.93,28,Night,Monday,35.8,95.56,73,-4.1,5,Level 1,Casual Driver
350,User_350,Hyundai Kona,50,Station_278,New York,2024-01-15 13:00,2024-01-15 14:25,76.72,3.77,44.14,35.85,Night,Wednesday,10.9,69.96,247.4,28,0,Level 1,Casual Driver
351,User_351,Nissan Leaf,62,Station_18,Chicago,2024-01-15 14:00,2024-01-15 17:00,60.97,2.5,6.68,37.05,Afternoon,Wednesday,75.86,92.36,266.8,20.5,6,Level 1,Commuter
352,User_352,Nissan Leaf,62,Station_12,Chicago,2024-01-15 15:00,2024-01-15 15:54,48.32,2.31,19.59,49.14,Afternoon,Friday,27.01,55.86,161.4,3.5,2,DC Fast Charger,Commuter
353,User_353,Tesla Model 3,62,Station_180,Los Angeles,2024-01-15 16:00,2024-01-15 18:14,65.54,1.16,31.86,37.49,Evening,Monday,25.2,96.76,78.6,0.9,6,Level 2,Commuter
354,User_354,BMW i3,100,Station_123,New York,2024-01-15 17:00,2024-01-15 19:43,68.75,0.55,10.76,28.29,Afternoon,Thursday,81.28,66.08,284.8,13.8,3,DC Fast Charger,Commuter
355,User_355,Nissan Leaf,85,Station_246,New York,2024-01-15 18:00,2024-01-15 20:28,67.44,1.81,16.1,15,Night,Thursday,89.87,93.9,36.1,34.1,3,Level 1,Casual Driver
356,User_356,Chevy Bolt,75,Station_222,Houston,2024-01-15 19:00,2024-01-15 22:11,10.45,1.43,39.89,32.56,Afternoon,Wednesday,82.76,60.78,85.9,20.6,0,Level 2,Long-Distance Traveler
357,User_357,BMW i3,100,Station_373,Houston,2024-01-15 20:00,2024-01-15 23:40,30.81,1.04,18.98,18.35,Night,Saturday,60.73,61.21,155.7,29.1,5,Level 2,Casual Driver
358,User_358,Hyundai Kona,85,Station_51,Los Angeles,2024-01-15 21:00,2024-01-15 21:38,62.1,2.48,30.53,8.86,Afternoon,Tuesday,43.89,81.47,285.8,-8.6,1,Level 1,Commuter
359,User_359,Tesla Model 3,100,Station_488,New York,2024-01-15 22:00,2024-01-15 23:29,28.86,2.11,38.34,37.45,Night,Monday,27.68,92.57,107,13.2,2,Level 2,Casual Driver
360,User_360,Hyundai Kona,75,Station_71,Los Angeles,2024-01-15 23:00,2024-01-16 01:34,33.37,2.49,41.93,7.41,Evening,Sunday,58.61,71.22,279.5,15.4,8,Level 1,Commuter
361,User_361,BMW i3,78,Station_480,Houston,2024-01-16 00:00,2024-01-16 01:18,73.09,1.75,30.39,9.6,Morning,Tuesday,29.67,99.86,227.7,2.6,7,DC Fast Charger,Casual Driver
362,User_362,BMW i3,75,Station_48,Houston,2024-01-16 01:00,2024-01-16 02:20,26.99,3.55,46.58,36.5,Morning,Monday,23.69,56.11,237.5,25.1,1,Level 2,Commuter
363,User_363,BMW i3,85,Station_19,Chicago,2024-01-16 02:00,2024-01-16 05:37,6.94,3.29,13.29,16.89,Night,Monday,88.61,81.44,230.3,1.2,3,Level 1,Commuter
364,User_364,Hyundai Kona,50,Station_262,Los Angeles,2024-01-16 03:00,2024-01-16 04:39,42.29,2.01,37.81,7.81,Afternoon,Friday,81.1,92.83,242.5,36.8,11,Level 1,Casual Driver
365,User_365,BMW i3,100,Station_84,Los Angeles,2024-01-16 04:00,2024-01-16 05:06,30.04,1.64,13.37,35.95,Afternoon,Wednesday,14.36,80.39,217.9,35,6,DC Fast Charger,Commuter
366,User_366,Hyundai Kona,62,Station_155,New York,2024-01-16 05:00,2024-01-16 06:00,10.39,1.24,47.77,21.49,Morning,Friday,56.66,73.29,188.2,16.8,0,Level 2,Long-Distance Traveler
367,User_367,BMW i3,50,Station_53,New York,2024-01-16 06:00,2024-01-16 09:18,45.72,2.87,47.84,31.23,Night,Saturday,35.42,88.85,156.9,34.3,7,Level 2,Commuter
368,User_368,Chevy Bolt,50,Station_107,Chicago,2024-01-16 07:00,2024-01-16 08:31,24.6,2.01,11.82,29.23,Afternoon,Sunday,51.19,63.47,263.8,14.2,1,Level 2,Commuter
369,User_369,BMW i3,62,Station_357,San Francisco,2024-01-16 08:00,2024-01-16 10:02,23.15,3.28,25.4,11,Morning,Tuesday,76.82,50.97,61,15.6,4,Level 2,Commuter
370,User_370,Hyundai Kona,85,Station_304,San Francisco,2024-01-16 09:00,2024-01-16 12:35,52.72,0.56,6.42,34.4,Night,Tuesday,37.68,81.91,225.3,0.2,7,DC Fast Charger,Long-Distance Traveler
371,User_371,Nissan Leaf,100,Station_135,San Francisco,2024-01-16 10:00,2024-01-16 10:43,0,2.27,46.49,36.94,Evening,Thursday,15.27,60.95,264.9,36.6,4,DC Fast Charger,Casual Driver
372,User_372,BMW i3,49,Station_443,Los Angeles,2024-01-16 11:00,2024-01-16 14:13,68.25,1.63,29.21,9.46,Afternoon,Saturday,85.9,91.28,50.4,37.5,0,Level 2,Long-Distance Traveler
373,User_373,Nissan Leaf,85,Station_69,Los Angeles,2024-01-16 12:00,2024-01-16 15:13,56.42,0.83,25.4,29.85,Afternoon,Sunday,32.61,65.16,12.8,17.6,4,Level 1,Long-Distance Traveler
374,User_374,Chevy Bolt,75,Station_11,Houston,2024-01-16 13:00,2024-01-16 14:48,52.9,1.55,15.57,18.54,Night,Saturday,89.84,97.5,36.7,32.6,3,Level 2,Long-Distance Traveler
375,User_375,Tesla Model 3,50,Station_143,Los Angeles,2024-01-16 14:00,2024-01-16 14:37,28.16,2.29,23.39,29.76,Morning,Friday,72.9,18.7,23.5,15.4,3,Level 2,Casual Driver
376,User_376,Chevy Bolt,100,Station_192,Los Angeles,2024-01-16 15:00,2024-01-16 18:03,1.36,1.57,16.27,23.87,Night,Friday,40.92,83.07,0,-6.6,3,Level 1,Commuter
377,User_377,BMW i3,85,Station_387,Los Angeles,2024-01-16 16:00,2024-01-16 17:05,8.93,3.78,0,0.23,Morning,Saturday,86.75,71.8,275.1,1.4,2,Level 2,Long-Distance Traveler
378,User_378,Nissan Leaf,75,Station_378,Chicago,2024-01-16 17:00,2024-01-16 18:17,55.78,1.38,46.33,30.47,Night,Friday,29.61,88.38,10.9,14.2,4,Level 1,Commuter
379,User_379,Nissan Leaf,85,Station_69,Los Angeles,2024-01-16 18:00,2024-01-16 19:54,16.67,1.81,32.99,28.16,Evening,Thursday,77.49,88.67,281.9,33.7,6,DC Fast Charger,Long-Distance Traveler
380,User_380,Hyundai Kona,100,Station_23,New York,2024-01-16 19:00,2024-01-16 19:57,13.28,1.76,59.15,13.61,Afternoon,Sunday,76.56,81.58,257.6,4.2,5,Level 1,Long-Distance Traveler
381,User_381,Nissan Leaf,50,Station_181,New York,2024-01-16 20:00,2024-01-16 23:45,7.67,0.75,25.46,17.36,Morning,Sunday,86.16,81.62,53.3,27.3,3,DC Fast Charger,Long-Distance Traveler
382,User_382,Hyundai Kona,75,Station_293,Houston,2024-01-16 21:00,2024-01-17 00:39,0,3.62,23.22,17.86,Evening,Friday,70.6,89.35,71.3,33.1,4,Level 2,Long-Distance Traveler
383,User_383,Tesla Model 3,62,Station_9,Chicago,2024-01-16 22:00,2024-01-17 01:57,64.94,3.64,49.32,15.32,Night,Friday,49.3,73.24,41.8,12.3,4,Level 1,Long-Distance Traveler
384,User_384,BMW i3,100,Station_271,New York,2024-01-16 23:00,2024-01-17 02:53,70.06,3.4,42.95,15.24,Morning,Sunday,95.79,66.38,164,38.9,1,Level 1,Long-Distance Traveler
385,User_385,Hyundai Kona,85,Station_387,Chicago,2024-01-17 00:00,2024-01-17 03:57,0,1.33,27.85,24.65,Morning,Saturday,10.01,58.15,284.6,22.2,7,Level 2,Casual Driver
386,User_386,Tesla Model 3,100,Station_93,Chicago,2024-01-17 01:00,2024-01-17 02:20,46.56,1.67,35.78,23.56,Evening,Sunday,77.28,95.75,197.5,1.7,2,DC Fast Charger,Commuter
387,User_387,Nissan Leaf,50,Station_454,Houston,2024-01-17 02:00,2024-01-17 04:13,54.88,1.89,6.99,6.56,Night,Saturday,64.28,82.38,127.1,30.6,3,Level 1,Commuter
388,User_388,Nissan Leaf,50,Station_17,Chicago,2024-01-17 03:00,2024-01-17 06:19,13.73,6.18,12.48,21.09,Evening,Friday,82.91,90.83,166.7,6.8,2,Level 1,Casual Driver
389,User_389,Tesla Model 3,75,Station_154,Los Angeles,2024-01-17 04:00,2024-01-17 06:10,74.22,2.83,3.57,29.17,Night,Friday,55.29,90.1,0,3.2,4,Level 2,Long-Distance Traveler
390,User_390,Nissan Leaf,50,Station_405,Chicago,2024-01-17 05:00,2024-01-17 05:58,20.58,1.54,37.03,31.68,Evening,Saturday,22.54,84.67,205.5,6.7,2,DC Fast Charger,Casual Driver
391,User_391,Tesla Model 3,75,Station_328,Houston,2024-01-17 06:00,2024-01-17 08:36,36.05,1.65,49.85,7.46,Evening,Tuesday,46.33,52.15,57.7,6.9,4,Level 2,Casual Driver
392,User_392,Hyundai Kona,62,Station_149,Houston,2024-01-17 07:00,2024-01-17 08:51,31.74,1.96,11.13,11.74,Evening,Wednesday,58.97,81.67,87.3,-9.6,3,Level 1,Casual Driver
393,User_393,Hyundai Kona,85,Station_377,Houston,2024-01-17 08:00,2024-01-17 08:39,64.54,3.97,17.56,32.97,Evening,Tuesday,17.19,57.14,258.4,12.3,7,Level 2,Commuter
394,User_394,Tesla Model 3,85,Station_267,New York,2024-01-17 09:00,2024-01-17 11:15,41.57,2.53,27.88,37.11,Night,Friday,25.53,73.36,240.4,-2.1,0,Level 2,Casual Driver
395,User_395,Hyundai Kona,75,Station_422,Los Angeles,2024-01-17 10:00,2024-01-17 13:16,34.38,3.15,3.81,35.35,Afternoon,Monday,41.11,63.03,150.8,18,6,DC Fast Charger,Long-Distance Traveler
396,User_396,Hyundai Kona,61,Station_328,New York,2024-01-17 11:00,2024-01-17 14:59,12.12,2.85,8,37.31,Evening,Monday,30.07,90.21,256.2,21,2,DC Fast Charger,Casual Driver
397,User_397,Hyundai Kona,85,Station_106,San Francisco,2024-01-17 12:00,2024-01-17 12:30,48.27,3.65,43.14,10.33,Night,Thursday,60.6,71.95,0,33.5,4,Level 2,Commuter
398,User_398,Chevy Bolt,50,Station_472,Los Angeles,2024-01-17 13:00,2024-01-17 14:08,26.4,0.96,47.76,10.57,Afternoon,Tuesday,29.48,87.34,247.3,22.9,7,Level 2,Commuter
399,User_399,BMW i3,62,Station_381,Chicago,2024-01-17 14:00,2024-01-17 14:50,54.63,2.23,27.77,37.76,Morning,Saturday,55.81,60.03,246.3,-4.4,2,Level 2,Long-Distance Traveler
400,User_400,Nissan Leaf,75,Station_35,Houston,2024-01-17 15:00,2024-01-17 16:34,69.45,1.07,49.42,15.31,Morning,Thursday,27.56,63.29,150.1,37.9,7,Level 1,Casual Driver
401,User_401,Chevy Bolt,85,Station_119,San Francisco,2024-01-17 16:00,2024-01-17 16:44,66.19,2.5,2.54,13.99,Evening,Thursday,88.32,103.06,69.7,21.9,1,DC Fast Charger,Long-Distance Traveler
402,User_402,Hyundai Kona,75,Station_14,Los Angeles,2024-01-17 17:00,2024-01-17 19:41,13.66,0.8,14.33,8.28,Morning,Monday,62.25,82.89,209.1,36.1,3,Level 1,Casual Driver
403,User_403,Tesla Model 3,72,Station_14,New York,2024-01-17 18:00,2024-01-17 21:37,31.81,3.67,32.84,32.94,Evening,Tuesday,78.61,55.81,188.7,14.5,3,DC Fast Charger,Long-Distance Traveler
404,User_404,Hyundai Kona,62,Station_266,Houston,2024-01-17 19:00,2024-01-17 20:30,79.46,2.9,25.41,18.27,Evening,Wednesday,28.46,49.1,48.2,32.5,3,DC Fast Charger,Long-Distance Traveler
405,User_405,BMW i3,50,Station_140,New York,2024-01-17 20:00,2024-01-17 22:57,26.62,1.32,22.74,29.94,Afternoon,Sunday,59.93,69.52,193,28.9,5,Level 1,Long-Distance Traveler
406,User_406,Hyundai Kona,62,Station_294,Los Angeles,2024-01-17 21:00,2024-01-17 23:47,0,0.81,19.93,22.62,Morning,Saturday,45.15,83.96,284.8,29,4,Level 1,Commuter
407,User_407,Tesla Model 3,100,Station_364,Los Angeles,2024-01-17 22:00,2024-01-17 23:56,64.4,1.46,35.93,14.25,Evening,Tuesday,96.12,57.32,139.5,6,7,Level 2,Commuter
408,User_408,BMW i3,75,Station_119,San Francisco,2024-01-17 23:00,2024-01-18 01:14,41.59,3.31,39.75,35.66,Morning,Thursday,76.77,55.04,53.1,-3.2,5,DC Fast Charger,Casual Driver
409,User_409,Hyundai Kona,75,Station_238,Chicago,2024-01-18 00:00,2024-01-18 01:03,76.45,2.52,19.77,35.76,Afternoon,Friday,81.36,66.48,131.8,18.5,6,DC Fast Charger,Commuter
410,User_410,BMW i3,100,Station_34,New York,2024-01-18 01:00,2024-01-18 03:33,19.9,1.85,33.64,30.71,Morning,Thursday,14.37,93.02,10,22.2,7,DC Fast Charger,Long-Distance Traveler
411,User_411,Nissan Leaf,47,Station_169,San Francisco,2024-01-18 02:00,2024-01-18 04:19,25.1,3.78,24.43,30.55,Afternoon,Tuesday,19.64,65.47,289.5,-8.7,6,Level 2,Commuter
412,User_412,Nissan Leaf,50,Station_10,Houston,2024-01-18 03:00,2024-01-18 06:25,27.05,1.11,4.52,33.46,Afternoon,Monday,52.03,105.62,58.7,20.6,3,DC Fast Charger,Commuter
413,User_413,Hyundai Kona,50,Station_122,Chicago,2024-01-18 04:00,2024-01-18 05:02,30.18,2.97,40.18,7.26,Afternoon,Sunday,64.16,65.4,104.5,26.2,0,DC Fast Charger,Casual Driver
414,User_414,BMW i3,85,Station_401,San Francisco,2024-01-18 05:00,2024-01-18 07:07,15.34,3.39,43.5,30.95,Evening,Tuesday,41.89,95.38,172.3,36,0,Level 1,Long-Distance Traveler
415,User_415,Tesla Model 3,62,Station_145,New York,2024-01-18 06:00,2024-01-18 07:30,45.34,3.02,11.27,11.66,Night,Wednesday,78.22,74.81,277.6,38,0,Level 1,Commuter
416,User_416,Hyundai Kona,50,Station_451,Los Angeles,2024-01-18 07:00,2024-01-18 07:39,60.26,3.03,31.22,11.47,Evening,Saturday,51.19,66.23,176,6.9,7,Level 2,Commuter
417,User_417,Nissan Leaf,100,Station_446,Houston,2024-01-18 08:00,2024-01-18 11:31,5.65,0.64,11.67,25.63,Morning,Saturday,58.4,65.02,83.3,23.1,6,DC Fast Charger,Casual Driver
418,User_418,Nissan Leaf,85,Station_223,New York,2024-01-18 09:00,2024-01-18 10:53,32.49,0.78,47.26,7.59,Evening,Friday,84.13,76.17,143.6,17.2,0,Level 2,Casual Driver
419,User_419,Hyundai Kona,62,Station_371,Chicago,2024-01-18 10:00,2024-01-18 11:34,61.46,2.47,31.65,10.99,Evening,Friday,15.97,62.93,57.2,-9.5,0,Level 1,Long-Distance Traveler
420,User_420,BMW i3,85,Station_257,Chicago,2024-01-18 11:00,2024-01-18 12:46,41.58,1.08,35.42,7.27,Night,Thursday,45.89,90.42,149.9,21.3,0,DC Fast Charger,Casual Driver
421,User_421,Nissan Leaf,100,Station_268,Los Angeles,2024-01-18 12:00,2024-01-18 12:30,41.6,1.5,4.91,13.57,Morning,Tuesday,61.83,61.69,32,18.1,2,DC Fast Charger,Long-Distance Traveler
422,User_422,BMW i3,85,Station_359,Los Angeles,2024-01-18 13:00,2024-01-18 15:42,29.7,3.92,32.3,21.48,Afternoon,Saturday,42.99,50.44,180.5,8.2,4,Level 2,Long-Distance Traveler
423,User_423,Nissan Leaf,69,Station_4,Houston,2024-01-18 14:00,2024-01-18 15:49,72.72,0.68,32.25,28.12,Afternoon,Monday,28.9,57.74,151.6,4.5,2,DC Fast Charger,Commuter
424,User_424,Nissan Leaf,85,Station_426,Houston,2024-01-18 15:00,2024-01-18 15:44,61.93,0.8,25.27,27.12,Morning,Wednesday,73.66,93.03,0,7.7,3,DC Fast Charger,Commuter
425,User_425,Chevy Bolt,50,Station_397,Los Angeles,2024-01-18 16:00,2024-01-18 16:57,12.67,2.32,36.16,30.67,Evening,Thursday,75.3,65.45,199.3,25.3,3,Level 1,Commuter
426,User_426,Nissan Leaf,100,Station_354,Los Angeles,2024-01-18 17:00,2024-01-18 17:52,78.96,3.8,41.31,26.94,Night,Tuesday,50.09,74.79,91.3,37.2,6,Level 2,Commuter
427,User_427,Tesla Model 3,100,Station_106,Chicago,2024-01-18 18:00,2024-01-18 20:18,64.98,3.73,38.5,24.82,Night,Monday,67.11,66.71,133.7,1.2,2,Level 1,Commuter
428,User_428,Hyundai Kona,85,Station_85,Los Angeles,2024-01-18 19:00,2024-01-18 21:16,37.29,1.9,29.15,10.42,Morning,Tuesday,29.09,78.13,46.6,6.2,2,Level 2,Long-Distance Traveler
429,User_429,Hyundai Kona,100,Station_214,San Francisco,2024-01-18 20:00,2024-01-18 22:54,72.09,2.02,7.42,7.96,Morning,Monday,32.51,89.84,255.1,-3.3,3,Level 1,Commuter
430,User_430,BMW i3,62,Station_121,New York,2024-01-18 21:00,2024-01-18 23:22,65.75,0.88,42.51,20.24,Evening,Sunday,18.32,81.15,80.8,19,1,Level 2,Commuter
431,User_431,Nissan Leaf,4,Station_132,Los Angeles,2024-01-18 22:00,2024-01-19 00:07,42.87,2.19,33.88,6.19,Night,Tuesday,87.89,67.78,65.3,-5.6,2,DC Fast Charger,Commuter
432,User_432,Tesla Model 3,62,Station_338,Houston,2024-01-18 23:00,2024-01-19 01:50,33.4,2.46,14.42,15.41,Morning,Tuesday,23.34,68.14,23.1,27.3,2,DC Fast Charger,Long-Distance Traveler
433,User_433,BMW i3,62,Station_197,San Francisco,2024-01-19 00:00,2024-01-19 02:51,46.51,2.81,10.48,15.91,Evening,Sunday,70.98,94.38,223.3,38.5,5,Level 2,Casual Driver
434,User_434,Chevy Bolt,50,Station_19,Houston,2024-01-19 01:00,2024-01-19 03:48,74.54,3.59,16.94,28.37,Evening,Saturday,51.81,76.08,31.4,10.7,2,Level 2,Casual Driver
435,User_435,BMW i3,100,Station_130,San Francisco,2024-01-19 02:00,2024-01-19 02:57,53.84,0.95,25.61,39.91,Morning,Thursday,65.22,88.66,207.7,4.7,5,Level 2,Commuter
436,User_436,BMW i3,2,Station_12,Los Angeles,2024-01-19 03:00,2024-01-19 04:11,42.47,1.38,0,5.16,Night,Tuesday,31.21,95.21,51.9,32.5,4,Level 2,Casual Driver
437,User_437,Nissan Leaf,75,Station_81,New York,2024-01-19 04:00,2024-01-19 06:08,0,2.66,30.72,23.56,Afternoon,Tuesday,44.91,51.97,249.8,39.1,6,DC Fast Charger,Long-Distance Traveler
438,User_438,Chevy Bolt,100,Station_330,Houston,2024-01-19 05:00,2024-01-19 06:30,76.5,3.01,37.45,31.95,Evening,Thursday,24.87,58.71,59.6,45.8,2,Level 2,Commuter
439,User_439,BMW i3,62,Station_354,San Francisco,2024-01-19 06:00,2024-01-19 08:32,5.61,2.46,18.56,54.89,Afternoon,Thursday,42.53,64.4,127.3,5.3,7,DC Fast Charger,Long-Distance Traveler
440,User_440,Tesla Model 3,50,Station_262,Chicago,2024-01-19 07:00,2024-01-19 08:33,26.47,1.38,15.86,18.34,Evening,Friday,25.36,14.99,79.4,14.9,5,DC Fast Charger,Long-Distance Traveler
441,User_441,Tesla Model 3,50,Station_392,Los Angeles,2024-01-19 08:00,2024-01-19 09:00,6.87,1.49,42.84,23.71,Night,Friday,60.64,55.02,122.6,38.7,5,Level 2,Commuter
442,User_442,Hyundai Kona,68,Station_125,New York,2024-01-19 09:00,2024-01-19 10:50,21.58,1.27,32.63,29.88,Afternoon,Saturday,14.54,87.11,124.1,-5.9,5,DC Fast Charger,Long-Distance Traveler
443,User_443,Chevy Bolt,75,Station_307,Los Angeles,2024-01-19 10:00,2024-01-19 13:50,7.57,3.27,40.84,36.54,Morning,Thursday,55.75,53.49,299.6,26.7,1,Level 2,Commuter
444,User_444,Chevy Bolt,100,Station_267,Chicago,2024-01-19 11:00,2024-01-19 11:39,49.55,0.67,27.01,5.38,Evening,Sunday,48.44,92.5,60.6,36.8,7,DC Fast Charger,Long-Distance Traveler
445,User_445,Hyundai Kona,85,Station_447,New York,2024-01-19 12:00,2024-01-19 12:37,72.83,1.61,45.38,5.71,Morning,Wednesday,81.63,52.32,0,31.8,1,Level 2,Casual Driver
446,User_446,BMW i3,100,Station_441,Chicago,2024-01-19 13:00,2024-01-19 15:58,71.13,0.82,14.17,11.35,Morning,Saturday,78.36,91.25,50.6,-1.7,5,Level 2,Casual Driver
447,User_447,Chevy Bolt,100,Station_383,Los Angeles,2024-01-19 14:00,2024-01-19 17:54,36.24,0.7,12.83,9.74,Night,Monday,83.71,52.59,125.2,-7.5,6,Level 1,Casual Driver
448,User_448,Tesla Model 3,127,Station_140,San Francisco,2024-01-19 15:00,2024-01-19 16:28,53.4,3.43,49.77,15.32,Morning,Thursday,51.06,50.98,215.5,31.6,6,Level 1,Long-Distance Traveler
449,User_449,Tesla Model 3,107,Station_329,Los Angeles,2024-01-19 16:00,2024-01-19 19:27,5.75,0.58,7.01,20.65,Evening,Friday,60.71,67.3,140,17,3,Level 2,Commuter
450,User_450,Nissan Leaf,62,Station_2,Los Angeles,2024-01-19 17:00,2024-01-19 20:46,9.74,3.07,3.65,39.66,Morning,Tuesday,75.78,97.16,157.9,13.5,4,Level 1,Casual Driver
451,User_451,Chevy Bolt,85,Station_8,Los Angeles,2024-01-19 18:00,2024-01-19 21:47,39.46,1.65,41,21.67,Morning,Thursday,72.99,64.45,53.9,-1.3,2,DC Fast Charger,Commuter
452,User_452,BMW i3,85,Station_250,Houston,2024-01-19 19:00,2024-01-19 19:59,63.83,2.46,38.14,6.76,Evening,Thursday,11.08,74.41,296,13.9,2,Level 2,Casual Driver
453,User_453,Hyundai Kona,85,Station_139,Chicago,2024-01-19 20:00,2024-01-19 22:54,72.95,3.76,14.79,10.52,Morning,Friday,38.58,78.14,14.9,34.4,2,Level 2,Casual Driver
454,User_454,Hyundai Kona,62,Station_124,Chicago,2024-01-19 21:00,2024-01-20 00:52,21.1,3.47,37.26,25.55,Night,Friday,66.2,78.7,197.8,-3.5,1,Level 2,Long-Distance Traveler
455,User_455,BMW i3,62,Station_309,Chicago,2024-01-19 22:00,2024-01-19 22:49,58.79,2.47,34.24,19.22,Evening,Wednesday,63.05,97.72,30,-4.1,7,Level 1,Casual Driver
456,User_456,Nissan Leaf,62,Station_228,Houston,2024-01-19 23:00,2024-01-20 00:17,65.18,2.41,38.58,33.19,Night,Saturday,17.73,82.79,254.2,17.1,1,Level 1,Commuter
457,User_457,Hyundai Kona,85,Station_10,San Francisco,2024-01-20 00:00,2024-01-20 03:50,72.55,0.36,35.11,32.07,Morning,Friday,61.85,64.37,44.4,9.7,0,DC Fast Charger,Commuter
458,User_458,Chevy Bolt,100,Station_469,Los Angeles,2024-01-20 01:00,2024-01-20 03:39,57.56,3.34,13.04,14.26,Afternoon,Friday,55.28,93.58,249.4,24.2,2,Level 1,Casual Driver
459,User_459,Nissan Leaf,52,Station_212,San Francisco,2024-01-20 02:00,2024-01-20 03:06,67.41,3.04,48.63,11.13,Night,Friday,93.25,69.23,206.5,32.4,6,Level 1,Commuter
460,User_460,Chevy Bolt,75,Station_112,Houston,2024-01-20 03:00,2024-01-20 05:38,21.03,2.84,8.33,8.85,Night,Saturday,16,70.41,157.7,35.8,2,DC Fast Charger,Commuter
461,User_461,Tesla Model 3,62,Station_8,Chicago,2024-01-20 04:00,2024-01-20 06:41,16.47,1.77,22.11,24.11,Morning,Tuesday,90.7,91.82,141.3,39.9,0,Level 2,Commuter
462,User_462,Nissan Leaf,50,Station_292,Los Angeles,2024-01-20 05:00,2024-01-20 07:09,78.31,2.4,11.81,29.76,Afternoon,Thursday,18.94,51.59,20.6,4.7,1,Level 2,Commuter
463,User_463,Hyundai Kona,85,Station_477,New York,2024-01-20 06:00,2024-01-20 07:23,38.6,3.91,31.47,22.31,Evening,Thursday,52.9,72.18,116.3,2,6,DC Fast Charger,Commuter
464,User_464,Nissan Leaf,85,Station_362,New York,2024-01-20 07:00,2024-01-20 09:31,26.57,1.07,43.38,32.63,Afternoon,Friday,13.35,65.43,32.8,37.7,7,Level 1,Casual Driver
465,User_465,Nissan Leaf,100,Station_460,San Francisco,2024-01-20 08:00,2024-01-20 08:54,23.02,2.65,7,5.06,Evening,Sunday,62.42,91.38,230.8,4.6,6,DC Fast Charger,Commuter
466,User_466,Nissan Leaf,85,Station_253,Chicago,2024-01-20 09:00,2024-01-20 11:40,62.05,1.18,31.37,35.34,Morning,Sunday,88.13,58.36,205.2,11,5,DC Fast Charger,Commuter
467,User_467,Nissan Leaf,85,Station_14,New York,2024-01-20 10:00,2024-01-20 10:38,58.09,2.65,7.07,30.93,Afternoon,Saturday,42.04,99.21,39.4,-6.2,4,Level 2,Casual Driver
468,User_468,Chevy Bolt,75,Station_240,San Francisco,2024-01-20 11:00,2024-01-20 14:53,63.3,0.83,30.69,5.54,Morning,Wednesday,37.27,70.75,0,8,4,Level 1,Long-Distance Traveler
469,User_469,Tesla Model 3,39,Station_438,Houston,2024-01-20 12:00,2024-01-20 15:51,21,1.86,26.23,33.58,Night,Friday,32.28,58.87,216.7,37.2,7,Level 2,Commuter
470,User_470,BMW i3,62,Station_242,San Francisco,2024-01-20 13:00,2024-01-20 14:03,36.32,2.01,19.41,32.62,Afternoon,Saturday,22.32,89.41,254.3,-1.5,1,Level 2,Long-Distance Traveler
471,User_471,Nissan Leaf,130,Station_469,San Francisco,2024-01-20 14:00,2024-01-20 15:12,65.45,3.92,47.44,11.06,Evening,Saturday,17.57,99.94,117.9,10.8,0,DC Fast Charger,Long-Distance Traveler
472,User_472,Hyundai Kona,85,Station_342,San Francisco,2024-01-20 15:00,2024-01-20 16:43,46.92,2.22,38.7,16.96,Night,Wednesday,48.06,81.16,129.3,11.8,6,Level 2,Casual Driver
473,User_473,Nissan Leaf,62,Station_149,Los Angeles,2024-01-20 16:00,2024-01-20 18:03,45.36,1.46,0,34.75,Evening,Saturday,86.24,85.21,191.3,29.7,6,Level 2,Long-Distance Traveler
474,User_474,Hyundai Kona,75,Station_236,San Francisco,2024-01-20 17:00,2024-01-20 17:51,44.73,1.35,36.47,23.68,Night,Thursday,84.84,62.85,174.4,12.8,0,Level 2,Long-Distance Traveler
475,User_475,Chevy Bolt,100,Station_306,San Francisco,2024-01-20 18:00,2024-01-20 19:39,57.86,3.1,40.17,36.94,Evening,Wednesday,43.73,96.36,129.6,-7.5,5,Level 1,Long-Distance Traveler
476,User_476,Hyundai Kona,85,Station_478,Los Angeles,2024-01-20 19:00,2024-01-20 21:39,25.89,2.57,23.44,36.65,Evening,Wednesday,36.58,44.09,75.9,-6.7,6,Level 1,Casual Driver
477,User_477,BMW i3,50,Station_167,Los Angeles,2024-01-20 20:00,2024-01-20 22:03,65.9,2.16,39.46,10.08,Morning,Monday,73.79,95.29,161.2,26.2,3,Level 2,Commuter
478,User_478,Tesla Model 3,75,Station_20,Houston,2024-01-20 21:00,2024-01-21 00:43,34.8,0.85,16.6,28.33,Night,Wednesday,64.52,57.8,0,14.2,2,DC Fast Charger,Casual Driver
479,User_479,Hyundai Kona,4,Station_216,Chicago,2024-01-20 22:00,2024-01-20 23:01,18.87,3.99,44.01,13.01,Morning,Wednesday,58.05,66.33,185.6,-10,5,DC Fast Charger,Casual Driver
480,User_480,Hyundai Kona,79,Station_343,New York,2024-01-20 23:00,2024-01-21 01:15,77.35,1.82,7.85,37.61,Morning,Tuesday,63.62,82.11,0,-5.4,7,Level 2,Casual Driver
481,User_481,Tesla Model 3,100,Station_135,New York,2024-01-21 00:00,2024-01-21 02:53,31.73,2.65,68.54,16.75,Morning,Thursday,39.61,85.43,107.7,-9.3,1,Level 1,Commuter
482,User_482,BMW i3,100,Station_393,San Francisco,2024-01-21 01:00,2024-01-21 04:53,41.27,3.49,6.79,27.61,Morning,Friday,10.87,72.77,244,-8,1,DC Fast Charger,Long-Distance Traveler
483,User_483,Nissan Leaf,75,Station_129,Houston,2024-01-21 02:00,2024-01-21 02:30,41.95,1.02,39.26,21.6,Evening,Monday,89.08,96.16,44.2,11.1,7,DC Fast Charger,Commuter
484,User_484,Hyundai Kona,85,Station_410,San Francisco,2024-01-21 03:00,2024-01-21 04:41,46.41,0.85,28.16,32.59,Morning,Wednesday,19.46,67.77,87.2,-6.9,5,Level 1,Long-Distance Traveler
485,User_485,Tesla Model 3,75,Station_422,New York,2024-01-21 04:00,2024-01-21 07:25,21.41,2.69,24.63,14.9,Morning,Tuesday,33.35,84.37,86.9,29.3,7,Level 1,Commuter
486,User_486,Chevy Bolt,100,Station_294,Los Angeles,2024-01-21 05:00,2024-01-21 06:19,55,1.25,23.09,36.97,Morning,Tuesday,57.08,88.93,11.2,3.2,7,DC Fast Charger,Casual Driver
487,User_487,Tesla Model 3,100,Station_246,Chicago,2024-01-21 06:00,2024-01-21 08:50,7.74,2.1,36.45,15.49,Evening,Saturday,77.59,99.58,101,-9.7,6,Level 2,Casual Driver
488,User_488,Chevy Bolt,62,Station_189,Houston,2024-01-21 07:00,2024-01-21 07:44,11.48,3.62,21.48,13.03,Night,Friday,35.54,91.08,267.4,-9.3,0,DC Fast Charger,Long-Distance Traveler
489,User_489,BMW i3,75,Station_44,Los Angeles,2024-01-21 08:00,2024-01-21 09:22,39.47,2.4,21.77,7.4,Evening,Friday,43.73,18.84,73.2,-2.1,3,Level 1,Casual Driver
490,User_490,Nissan Leaf,100,Station_86,Chicago,2024-01-21 09:00,2024-01-21 12:21,27.61,2.17,41.06,5.52,Evening,Sunday,27.55,68.85,95.5,34.2,6,Level 1,Casual Driver
491,User_491,Tesla Model 3,85,Station_44,Houston,2024-01-21 10:00,2024-01-21 10:37,15.25,3.31,6.76,1.64,Evening,Thursday,42.74,88.23,263.8,-2.3,5,Level 1,Commuter
492,User_492,Hyundai Kona,85,Station_330,Houston,2024-01-21 11:00,2024-01-21 12:43,45.07,1.71,41.03,7.4,Night,Sunday,51.66,92.06,76.5,37,6,Level 1,Long-Distance Traveler
493,User_493,BMW i3,100,Station_375,New York,2024-01-21 12:00,2024-01-21 13:15,10.16,1.52,41.18,6.57,Morning,Saturday,28.84,76.3,156.1,7.5,1,Level 2,Commuter
494,User_494,Tesla Model 3,75,Station_446,Los Angeles,2024-01-21 13:00,2024-01-21 14:38,55,3.48,34.58,36.06,Morning,Wednesday,42.7,60.69,2.9,22.3,1,DC Fast Charger,Commuter
495,User_495,Hyundai Kona,75,Station_378,Houston,2024-01-21 14:00,2024-01-21 16:23,64.87,3.23,38.99,5.2,Night,Tuesday,26.65,56.36,90.1,27.3,4,Level 1,Casual Driver
496,User_496,Tesla Model 3,50,Station_390,Houston,2024-01-21 15:00,2024-01-21 17:56,25.13,1.9,16.21,32.62,Night,Monday,25.68,94.53,127.4,40.3,4,Level 1,Commuter
497,User_497,Chevy Bolt,100,Station_145,Chicago,2024-01-21 16:00,2024-01-21 19:15,14.46,3.4,44.04,18.41,Afternoon,Thursday,14.15,64.61,55.7,1.8,2,Level 1,Long-Distance Traveler
498,User_498,Tesla Model 3,100,Station_51,New York,2024-01-21 17:00,2024-01-21 19:32,79.42,2.45,40.54,21.03,Morning,Wednesday,41.24,60.46,54.7,-0.4,6,DC Fast Charger,Casual Driver
499,User_499,Tesla Model 3,75,Station_242,San Francisco,2024-01-21 18:00,2024-01-21 20:48,44.42,2.34,19.66,6.19,Evening,Saturday,22.98,94.86,116.4,36.4,2,Level 1,Long-Distance Traveler
500,User_500,Tesla Model 3,105,Station_294,New York,2024-01-21 19:00,2024-01-21 21:26,74.02,2.69,31.7,16.63,Evening,Friday,37.01,80.97,171.7,17.9,5,DC Fast Charger,Long-Distance Traveler
501,User_501,BMW i3,85,Station_408,San Francisco,2024-01-21 20:00,2024-01-21 21:12,36.51,2.26,11.41,18.47,Morning,Saturday,70.63,79.49,272.3,11.1,5,Level 2,Long-Distance Traveler
502,User_502,Tesla Model 3,50,Station_51,Los Angeles,2024-01-21 21:00,2024-01-21 21:49,39.07,3.87,16.67,18.4,Night,Wednesday,76.15,88.86,110.7,18.6,5,Level 1,Long-Distance Traveler
503,User_503,Hyundai Kona,50,Station_266,Los Angeles,2024-01-21 22:00,2024-01-22 00:57,63.79,0.78,25.34,18.77,Afternoon,Saturday,35.17,92.9,208.1,22.7,2,Level 2,Commuter
504,User_504,Chevy Bolt,85,Station_120,Houston,2024-01-21 23:00,2024-01-21 23:50,67.45,0.85,45.02,28.34,Evening,Friday,36.07,61.53,277.5,20.7,0,DC Fast Charger,Casual Driver
505,User_505,Chevy Bolt,62,Station_200,Los Angeles,2024-01-22 00:00,2024-01-22 01:51,56.89,3,4.87,28.25,Afternoon,Wednesday,24.39,64.47,153.1,30,4,Level 2,Commuter
506,User_506,Tesla Model 3,75,Station_405,Houston,2024-01-22 01:00,2024-01-22 02:26,21.82,1.99,0,34.26,Evening,Monday,77.22,96.77,199.6,38.1,7,Level 1,Casual Driver
507,User_507,BMW i3,62,Station_248,New York,2024-01-22 02:00,2024-01-22 05:27,47.01,1.67,32.35,5.89,Evening,Sunday,27.33,82.11,18.7,15.7,6,Level 2,Commuter
508,User_508,BMW i3,75,Station_70,Los Angeles,2024-01-22 03:00,2024-01-22 04:43,73.62,3.51,25.28,24.75,Morning,Thursday,36.21,85.98,253.8,36.2,2,Level 2,Casual Driver
509,User_509,Hyundai Kona,85,Station_341,New York,2024-01-22 04:00,2024-01-22 06:07,0,1.49,35.5,23.11,Evening,Saturday,44.34,55.36,0,5.8,3,Level 2,Long-Distance Traveler
510,User_510,Tesla Model 3,51,Station_57,New York,2024-01-22 05:00,2024-01-22 08:03,41.94,2.54,11.34,23.05,Afternoon,Friday,18.61,79.1,192.8,-0.3,3,Level 2,Long-Distance Traveler
511,User_511,Chevy Bolt,50,Station_382,Los Angeles,2024-01-22 06:00,2024-01-22 09:07,37.16,2.51,16.71,34.26,Afternoon,Monday,43.85,85.04,178,26.5,7,Level 2,Commuter
512,User_512,BMW i3,75,Station_39,New York,2024-01-22 07:00,2024-01-22 10:50,34.66,3.18,20.94,8.05,Morning,Tuesday,27.06,96.57,207.7,5.4,2,DC Fast Charger,Commuter
513,User_513,Tesla Model 3,100,Station_472,Los Angeles,2024-01-22 08:00,2024-01-22 10:19,0,1.82,24.3,28.01,Evening,Monday,61.03,94.54,33.5,37.9,5,DC Fast Charger,Long-Distance Traveler
514,User_514,BMW i3,174,Station_289,Los Angeles,2024-01-22 09:00,2024-01-22 11:24,8.89,2.88,48.74,8.59,Afternoon,Monday,45.45,52.4,0,25.2,4,Level 1,Commuter
515,User_515,BMW i3,62,Station_443,Los Angeles,2024-01-22 10:00,2024-01-22 13:08,29.38,3.71,9.76,38.97,Night,Monday,53.31,57.52,269.4,26.4,7,DC Fast Charger,Commuter
516,User_516,Chevy Bolt,85,Station_18,San Francisco,2024-01-22 11:00,2024-01-22 12:11,6.54,0.48,0,38.99,Morning,Friday,67.81,60.72,91.9,30.1,2,DC Fast Charger,Casual Driver
517,User_517,Nissan Leaf,50,Station_440,New York,2024-01-22 12:00,2024-01-22 13:37,70.39,1.64,0,32.26,Night,Tuesday,112.49,70.28,188.3,-7.6,4,Level 1,Casual Driver
518,User_518,Hyundai Kona,62,Station_220,Chicago,2024-01-22 13:00,2024-01-22 16:38,16.08,3.27,36.73,69.41,Afternoon,Thursday,12.69,82.09,208.9,38.1,0,DC Fast Charger,Casual Driver
519,User_519,Hyundai Kona,75,Station_313,Los Angeles,2024-01-22 14:00,2024-01-22 17:38,7.56,1.5,43.23,28.52,Night,Monday,17.75,99.07,22.2,39.7,3,Level 1,Commuter
520,User_520,Chevy Bolt,54,Station_244,New York,2024-01-22 15:00,2024-01-22 16:39,15.81,0.73,7.18,30.31,Morning,Friday,74.09,67.42,53.3,22.8,7,Level 1,Long-Distance Traveler
521,User_521,BMW i3,85,Station_352,Houston,2024-01-22 16:00,2024-01-22 17:47,60.12,2.97,30.66,19.63,Night,Friday,30.1,86.76,205.6,34.6,6,DC Fast Charger,Long-Distance Traveler
522,User_522,Tesla Model 3,85,Station_460,Los Angeles,2024-01-22 17:00,2024-01-22 20:45,67.94,1.22,17.9,0.31,Afternoon,Thursday,46.18,57.47,109,5.5,3,Level 2,Long-Distance Traveler
523,User_523,BMW i3,50,Station_304,Los Angeles,2024-01-22 18:00,2024-01-22 19:59,70.04,2.93,32.41,16.58,Night,Sunday,19.34,87.55,149.7,-1.3,7,Level 1,Long-Distance Traveler
524,User_524,Chevy Bolt,85,Station_298,Chicago,2024-01-22 19:00,2024-01-22 21:20,68.56,0.62,6.33,13.37,Night,Wednesday,19.2,69.22,40.6,-7,1,Level 2,Casual Driver
525,User_525,Hyundai Kona,75,Station_283,San Francisco,2024-01-22 20:00,2024-01-22 22:21,36.57,1.59,46.27,23.29,Night,Tuesday,58.63,66,0,6.8,2,Level 1,Casual Driver
526,User_526,BMW i3,100,Station_74,San Francisco,2024-01-22 21:00,2024-01-22 23:12,20.45,0.92,26.5,9.32,Evening,Tuesday,57.96,73.66,200.2,7.5,1,DC Fast Charger,Commuter
527,User_527,Hyundai Kona,100,Station_110,Los Angeles,2024-01-22 22:00,2024-01-23 00:54,9.72,2.37,43.56,25.72,Afternoon,Saturday,17.34,75.08,101,5.9,4,Level 2,Long-Distance Traveler
528,User_528,Tesla Model 3,62,Station_180,New York,2024-01-22 23:00,2024-01-22 23:48,61.68,0.67,13.41,29.84,Night,Monday,86.67,87.84,277.8,37.4,6,Level 1,Commuter
529,User_529,Hyundai Kona,62,Station_426,Houston,2024-01-23 00:00,2024-01-23 03:28,28.58,0.98,18.89,36.56,Afternoon,Wednesday,25.49,91.47,268.5,17.7,3,DC Fast Charger,Long-Distance Traveler
530,User_530,Hyundai Kona,62,Station_32,Houston,2024-01-23 01:00,2024-01-23 02:39,21.13,3.9,32.29,10.73,Night,Sunday,44.71,79.2,72.4,-1.2,5,Level 2,Long-Distance Traveler
531,User_531,Nissan Leaf,85,Station_234,New York,2024-01-23 02:00,2024-01-23 03:32,46.77,0.9,1.47,36.7,Morning,Tuesday,18.36,58.13,122.1,6.3,7,DC Fast Charger,Commuter
532,User_532,Nissan Leaf,87,Station_282,Los Angeles,2024-01-23 03:00,2024-01-23 04:44,17.76,2.72,42.82,29.87,Morning,Sunday,17.02,77.28,175.1,28.1,0,DC Fast Charger,Casual Driver
533,User_533,Nissan Leaf,50,Station_25,Houston,2024-01-23 04:00,2024-01-23 07:57,79.39,2.71,19.14,21.85,Morning,Saturday,63.91,87.44,0,14.5,4,Level 2,Commuter
534,User_534,Hyundai Kona,100,Station_331,San Francisco,2024-01-23 05:00,2024-01-23 08:07,21.07,3.72,28.51,37.41,Night,Monday,37.97,66.65,222.3,5.9,7,Level 1,Commuter
535,User_535,Chevy Bolt,50,Station_279,New York,2024-01-23 06:00,2024-01-23 09:02,19.4,2.05,5.01,12.1,Afternoon,Wednesday,22.71,51.01,111.9,-9.3,6,Level 1,Long-Distance Traveler
536,User_536,Hyundai Kona,62,Station_226,Chicago,2024-01-23 07:00,2024-01-23 09:13,0,1.74,27.83,36.42,Morning,Friday,42.44,57.46,63.5,8.4,6,DC Fast Charger,Casual Driver
537,User_537,Chevy Bolt,85,Station_57,Los Angeles,2024-01-23 08:00,2024-01-23 09:44,44.87,1.59,41.42,34.24,Evening,Monday,39.5,81.21,63.2,7.1,3,Level 1,Commuter
538,User_538,Chevy Bolt,62,Station_180,New York,2024-01-23 09:00,2024-01-23 11:37,46.21,3.41,48.97,28.83,Morning,Wednesday,28.23,72.28,36.7,15.7,4,Level 2,Casual Driver
539,User_539,Nissan Leaf,85,Station_232,Houston,2024-01-23 10:00,2024-01-23 13:48,0,4.14,34.69,32.21,Morning,Thursday,49.72,75.85,0,-8.8,2,Level 2,Casual Driver
540,User_540,BMW i3,62,Station_382,Los Angeles,2024-01-23 11:00,2024-01-23 14:03,57.04,2.19,43.97,8.96,Evening,Tuesday,65.23,89.09,181,8.2,5,DC Fast Charger,Casual Driver
541,User_541,Tesla Model 3,62,Station_343,San Francisco,2024-01-23 12:00,2024-01-23 13:25,32.94,3.26,38.71,29.96,Morning,Sunday,57.61,73.14,29.2,-3.5,2,DC Fast Charger,Casual Driver
542,User_542,Nissan Leaf,75,Station_477,Los Angeles,2024-01-23 13:00,2024-01-23 13:51,63.02,1.33,8.56,17.57,Night,Monday,42.43,74.74,190.2,-2.8,9,Level 2,Long-Distance Traveler
543,User_543,Nissan Leaf,51,Station_287,Los Angeles,2024-01-23 14:00,2024-01-23 15:58,33.01,2.66,31.9,31.92,Night,Saturday,51.94,68.81,20.5,18.8,0,Level 2,Long-Distance Traveler
544,User_544,BMW i3,62,Station_64,San Francisco,2024-01-23 15:00,2024-01-23 15:48,56.62,1.26,0,37.14,Morning,Friday,57.72,88.57,107,28.9,4,DC Fast Charger,Long-Distance Traveler
545,User_545,Tesla Model 3,50,Station_455,San Francisco,2024-01-23 16:00,2024-01-23 19:08,53.17,0.63,19.15,26.69,Afternoon,Saturday,40.52,70.55,105.5,37.9,2,DC Fast Charger,Long-Distance Traveler
546,User_546,Hyundai Kona,50,Station_232,Los Angeles,2024-01-23 17:00,2024-01-23 17:55,51.87,3.86,28.75,20.19,Afternoon,Sunday,85.34,72.42,261.2,-0.2,4,Level 2,Long-Distance Traveler
547,User_547,Hyundai Kona,100,Station_289,San Francisco,2024-01-23 18:00,2024-01-23 21:19,64.31,2.47,33.31,14.2,Morning,Monday,42.86,96.57,232.1,-7.7,6,DC Fast Charger,Commuter
548,User_548,Nissan Leaf,75,Station_213,New York,2024-01-23 19:00,2024-01-23 22:18,4.29,2.46,38.84,41.87,Evening,Tuesday,16.67,66.47,107.4,-9,5,Level 1,Casual Driver
549,User_549,Tesla Model 3,85,Station_258,San Francisco,2024-01-23 20:00,2024-01-23 20:52,56.73,2.01,11.93,19.14,Night,Tuesday,37.88,62.64,288.2,10.6,6,Level 2,Long-Distance Traveler
550,User_550,Nissan Leaf,75,Station_18,San Francisco,2024-01-23 21:00,2024-01-23 22:16,44.91,0.89,16.75,32.16,Night,Wednesday,32.68,97.14,14.1,27.2,6,Level 2,Casual Driver
551,User_551,Chevy Bolt,85,Station_175,Los Angeles,2024-01-23 22:00,2024-01-23 22:42,13.88,2.16,46.76,9.89,Night,Saturday,68.86,76.93,193,37.3,7,DC Fast Charger,Long-Distance Traveler
552,User_552,Nissan Leaf,62,Station_417,New York,2024-01-23 23:00,2024-01-24 00:35,39.37,1.41,26.04,27.08,Morning,Saturday,85.47,86.87,79.8,27.3,5,DC Fast Charger,Long-Distance Traveler
553,User_553,Nissan Leaf,47,Station_229,Chicago,2024-01-24 00:00,2024-01-24 03:43,11.76,3.04,34.72,13.29,Night,Friday,14.29,70.95,272.9,-5.1,3,Level 2,Commuter
554,User_554,Hyundai Kona,100,Station_226,Chicago,2024-01-24 01:00,2024-01-24 03:53,49.9,2.4,44.05,37.87,Morning,Sunday,56.78,72.15,233.2,18,2,DC Fast Charger,Casual Driver
555,User_555,Hyundai Kona,85,Station_84,Houston,2024-01-24 02:00,2024-01-24 03:42,64.61,1.23,3.99,37.08,Morning,Wednesday,21.98,72.94,116.2,17.1,4,Level 1,Long-Distance Traveler
556,User_556,Hyundai Kona,50,Station_291,San Francisco,2024-01-24 03:00,2024-01-24 06:05,12.59,3.42,13.29,25.14,Afternoon,Friday,70.25,87.17,67.6,34.2,2,DC Fast Charger,Long-Distance Traveler
557,User_557,Chevy Bolt,75,Station_435,San Francisco,2024-01-24 04:00,2024-01-24 05:46,65.6,1.03,5.59,2.35,Evening,Monday,17.67,86.32,0,-9.3,1,Level 2,Commuter
558,User_558,Hyundai Kona,50,Station_370,New York,2024-01-24 05:00,2024-01-24 08:12,8.11,1.65,37.29,32.13,Evening,Monday,28.37,94.76,286.3,-8.5,2,DC Fast Charger,Casual Driver
559,User_559,Tesla Model 3,85,Station_246,Chicago,2024-01-24 06:00,2024-01-24 09:18,48.96,2.97,28.6,12.33,Evening,Saturday,68.69,85.61,122.8,6.7,4,Level 2,Casual Driver
560,User_560,BMW i3,62,Station_402,Houston,2024-01-24 07:00,2024-01-24 10:54,34.38,2.52,6.56,22.88,Night,Sunday,51.17,88.33,108.6,-9.8,7,Level 1,Long-Distance Traveler
561,User_561,Tesla Model 3,50,Station_110,New York,2024-01-24 08:00,2024-01-24 09:00,52.56,1.04,37.5,26.92,Afternoon,Wednesday,71.55,74.06,49.6,31.5,1,Level 2,Commuter
562,User_562,Tesla Model 3,62,Station_254,San Francisco,2024-01-24 09:00,2024-01-24 10:54,37.23,1.32,4.3,24.63,Afternoon,Sunday,66.89,90.57,207.2,9.7,6,Level 1,Commuter
563,User_563,Hyundai Kona,62,Station_88,Chicago,2024-01-24 10:00,2024-01-24 13:09,54.78,1.84,0,30.79,Morning,Thursday,64.23,61.69,204.7,26.5,4,Level 1,Long-Distance Traveler
564,User_564,BMW i3,75,Station_72,Houston,2024-01-24 11:00,2024-01-24 14:31,37.43,2.35,16.98,5.47,Afternoon,Tuesday,94.44,90.54,137,15.4,6,Level 1,Casual Driver
565,User_565,BMW i3,85,Station_381,Los Angeles,2024-01-24 12:00,2024-01-24 15:49,28.08,0.85,25.58,11.34,Morning,Sunday,25.39,91.35,145.8,28,5,Level 1,Long-Distance Traveler
566,User_566,BMW i3,62,Station_30,Chicago,2024-01-24 13:00,2024-01-24 14:28,79.79,1.45,0,15.68,Afternoon,Wednesday,79.82,74.13,286.6,1.1,4,Level 1,Casual Driver
567,User_567,Chevy Bolt,85,Station_172,Houston,2024-01-24 14:00,2024-01-24 15:10,75.62,1.75,16.79,30.05,Morning,Sunday,72.64,68.33,214.7,38.1,2,DC Fast Charger,Commuter
568,User_568,Hyundai Kona,85,Station_309,New York,2024-01-24 15:00,2024-01-24 17:21,48.58,3.59,1.72,22.02,Night,Wednesday,117.66,91.72,41.6,28.5,1,Level 1,Long-Distance Traveler
569,User_569,BMW i3,50,Station_394,Los Angeles,2024-01-24 16:00,2024-01-24 19:43,60.64,1.75,7.7,14.59,Afternoon,Monday,71.59,56.17,136,12.2,0,DC Fast Charger,Long-Distance Traveler
570,User_570,Chevy Bolt,75,Station_343,Houston,2024-01-24 17:00,2024-01-24 19:05,66.85,2.59,20.27,38.77,Evening,Tuesday,24.35,61.21,297.9,35.2,4,DC Fast Charger,Long-Distance Traveler
571,User_571,Nissan Leaf,62,Station_436,Houston,2024-01-24 18:00,2024-01-24 21:31,32.35,3.91,15.17,16.52,Morning,Sunday,71.05,83.01,254,11.7,1,DC Fast Charger,Casual Driver
572,User_572,Nissan Leaf,47,Station_177,San Francisco,2024-01-24 19:00,2024-01-24 22:17,0,0.95,3.58,19.07,Afternoon,Sunday,22.46,51.02,27.6,8.7,4,Level 2,Casual Driver
573,User_573,Chevy Bolt,15,Station_139,Chicago,2024-01-24 20:00,2024-01-24 22:31,67.71,3.92,13.86,33.84,Afternoon,Sunday,79.21,57.57,259.6,-2.7,0,Level 2,Commuter
574,User_574,Chevy Bolt,91,Station_194,San Francisco,2024-01-24 21:00,2024-01-25 00:05,8.38,2,40.18,11.68,Morning,Wednesday,75.62,76.11,283.7,18.4,3,Level 1,Casual Driver
575,User_575,Hyundai Kona,50,Station_186,Los Angeles,2024-01-24 22:00,2024-01-25 01:14,60.94,1.81,18.88,30.06,Afternoon,Sunday,81.44,66.37,88.3,1.9,4,DC Fast Charger,Casual Driver
576,User_576,Hyundai Kona,100,Station_218,Houston,2024-01-24 23:00,2024-01-25 01:14,0,0.56,21.46,15.09,Evening,Monday,30.14,85.01,61.7,16.3,2,Level 2,Long-Distance Traveler
577,User_577,Nissan Leaf,85,Station_164,San Francisco,2024-01-25 00:00,2024-01-25 03:42,0,0.42,13.14,19.95,Morning,Monday,49.35,81.13,55.8,23.2,5,DC Fast Charger,Commuter
578,User_578,BMW i3,85,Station_161,Chicago,2024-01-25 01:00,2024-01-25 02:43,7.6,0.81,0,5.58,Morning,Saturday,38.78,94.04,87.9,0.2,3,Level 2,Commuter
579,User_579,Nissan Leaf,85,Station_431,Los Angeles,2024-01-25 02:00,2024-01-25 05:32,70.54,2.48,42.1,19.81,Morning,Saturday,87.15,66.97,173.2,30.3,6,DC Fast Charger,Long-Distance Traveler
580,User_580,BMW i3,100,Station_13,New York,2024-01-25 03:00,2024-01-25 05:41,73.32,2.9,23.97,18.39,Morning,Wednesday,18.39,80.43,86.4,17.7,1,Level 2,Casual Driver
581,User_581,BMW i3,50,Station_296,San Francisco,2024-01-25 04:00,2024-01-25 06:08,62.87,2.92,15.49,10.01,Morning,Wednesday,33.81,61.34,112.9,1.9,4,Level 1,Casual Driver
582,User_582,Hyundai Kona,100,Station_89,Los Angeles,2024-01-25 05:00,2024-01-25 07:35,14.36,1.77,47.8,35.25,Evening,Monday,13.13,53.73,274.8,22,2,Level 1,Long-Distance Traveler
583,User_583,Tesla Model 3,85,Station_324,New York,2024-01-25 06:00,2024-01-25 08:47,74.79,1.88,21.11,10.34,Morning,Saturday,16.31,69.89,260,32.7,3,Level 1,Long-Distance Traveler
584,User_584,Tesla Model 3,75,Station_42,San Francisco,2024-01-25 07:00,2024-01-25 10:24,41.98,1.73,14.09,37.62,Evening,Sunday,14.26,60.36,156.7,15.6,5,DC Fast Charger,Casual Driver
585,User_585,Chevy Bolt,92,Station_403,Los Angeles,2024-01-25 08:00,2024-01-25 09:44,66.82,2.99,11.9,22.69,Evening,Sunday,76.66,84.9,108.9,36,5,Level 1,Commuter
586,User_586,Hyundai Kona,50,Station_210,Los Angeles,2024-01-25 09:00,2024-01-25 09:43,47.19,3.33,5.34,29.79,Evening,Wednesday,17.56,54.49,156.5,5.1,3,Level 1,Long-Distance Traveler
587,User_587,BMW i3,100,Station_229,San Francisco,2024-01-25 10:00,2024-01-25 11:07,46.3,2.15,10.6,13.9,Morning,Tuesday,72.23,84.04,89.6,9.9,7,Level 2,Casual Driver
588,User_588,Tesla Model 3,75,Station_350,Los Angeles,2024-01-25 11:00,2024-01-25 13:49,37.11,2.94,20.08,20.35,Evening,Monday,33.3,58.82,32.2,15.6,2,Level 2,Long-Distance Traveler
589,User_589,BMW i3,62,Station_275,Houston,2024-01-25 12:00,2024-01-25 13:14,71.98,1.06,23.65,32.02,Morning,Monday,63.1,64,103.9,21.5,5,Level 2,Commuter
590,User_590,Tesla Model 3,85,Station_442,San Francisco,2024-01-25 13:00,2024-01-25 15:54,0,3.74,22.13,31,Evening,Wednesday,45.03,62.32,254.5,-4,4,Level 1,Commuter
591,User_591,Tesla Model 3,50,Station_279,Los Angeles,2024-01-25 14:00,2024-01-25 17:57,45.13,2.02,0,10.68,Morning,Wednesday,51.05,75.88,193.9,2.9,3,Level 2,Casual Driver
592,User_592,Tesla Model 3,85,Station_251,New York,2024-01-25 15:00,2024-01-25 18:12,23.92,2.15,25.8,6.98,Afternoon,Wednesday,86.84,89.25,12,22.2,4,Level 2,Commuter
593,User_593,Hyundai Kona,85,Station_310,New York,2024-01-25 16:00,2024-01-25 19:43,40.63,2.75,25.77,9.17,Afternoon,Sunday,31.28,70.9,250.3,17.4,4,Level 1,Long-Distance Traveler
594,User_594,Nissan Leaf,62,Station_208,Houston,2024-01-25 17:00,2024-01-25 18:44,75.41,3.15,17.73,9.08,Evening,Sunday,32.03,101.61,93.8,12.5,0,Level 2,Commuter
595,User_595,BMW i3,62,Station_321,San Francisco,2024-01-25 18:00,2024-01-25 21:18,0,3.31,18.87,31.58,Night,Tuesday,47.88,66.78,55.9,10.7,7,DC Fast Charger,Casual Driver
596,User_596,Hyundai Kona,75,Station_140,Los Angeles,2024-01-25 19:00,2024-01-25 22:44,36.49,0.7,5.95,23.36,Night,Monday,64.23,76.17,242,36,2,Level 2,Long-Distance Traveler
597,User_597,Hyundai Kona,85,Station_280,Los Angeles,2024-01-25 20:00,2024-01-25 20:58,67.56,2.81,8.97,37.67,Afternoon,Thursday,69.31,96.94,145.7,35.8,7,DC Fast Charger,Commuter
598,User_598,Hyundai Kona,75,Station_34,New York,2024-01-25 21:00,2024-01-25 21:47,52.57,3.27,4.71,12.33,Evening,Tuesday,89.1,82.22,165.5,16.5,5,Level 2,Commuter
599,User_599,Hyundai Kona,85,Station_309,Houston,2024-01-25 22:00,2024-01-25 22:49,28.28,2.69,13.23,24.96,Evening,Tuesday,62.57,88.36,190.7,12.4,0,Level 2,Commuter
600,User_600,Hyundai Kona,62,Station_392,New York,2024-01-25 23:00,2024-01-25 23:43,28.87,1.15,32.83,46.06,Evening,Sunday,81.27,95.97,210.3,30.9,4,DC Fast Charger,Casual Driver
601,User_601,Chevy Bolt,85,Station_18,New York,2024-01-26 00:00,2024-01-26 03:11,13.12,3.54,0,25.8,Night,Saturday,5.07,77.78,213.7,32.1,1,Level 1,Casual Driver
602,User_602,BMW i3,50,Station_57,Houston,2024-01-26 01:00,2024-01-26 04:26,21.42,0.73,9.19,28.07,Afternoon,Monday,86.49,52.98,74.4,12,7,DC Fast Charger,Commuter
603,User_603,Hyundai Kona,100,Station_112,San Francisco,2024-01-26 02:00,2024-01-26 03:23,45.12,3.95,4.27,7.07,Evening,Sunday,13.58,76.37,162.8,-3.9,0,Level 1,Long-Distance Traveler
604,User_604,BMW i3,62,Station_5,Los Angeles,2024-01-26 03:00,2024-01-26 04:00,26.29,1.78,3.59,33.69,Afternoon,Thursday,40.48,69.67,177.8,32.1,2,Level 2,Commuter
605,User_605,Chevy Bolt,75,Station_410,San Francisco,2024-01-26 04:00,2024-01-26 05:27,51.64,0.78,14.61,13.48,Afternoon,Monday,32.41,78.64,277.7,31.3,0,Level 1,Long-Distance Traveler
606,User_606,Chevy Bolt,85,Station_414,Chicago,2024-01-26 05:00,2024-01-26 07:13,44.82,1.04,12.55,32.94,Morning,Tuesday,66.4,88.7,174.9,-6.2,2,Level 1,Long-Distance Traveler
607,User_607,BMW i3,50,Station_182,Chicago,2024-01-26 06:00,2024-01-26 09:19,19.36,2.54,29.63,35.26,Night,Wednesday,47.23,83.91,107.7,0.4,7,DC Fast Charger,Casual Driver
608,User_608,Tesla Model 3,75,Station_13,Chicago,2024-01-26 07:00,2024-01-26 10:35,55.4,2.25,31.55,12.86,Afternoon,Monday,12.98,61.22,163.3,29.7,6,Level 1,Commuter
609,User_609,Nissan Leaf,50,Station_339,Houston,2024-01-26 08:00,2024-01-26 10:37,22.02,1.27,41.2,35.94,Morning,Monday,23.67,74.9,236.6,11.5,0,Level 1,Casual Driver
610,User_610,Tesla Model 3,75,Station_285,New York,2024-01-26 09:00,2024-01-26 12:59,67.38,0.8,2.64,25.82,Night,Wednesday,12.05,86.49,233.9,5.9,2,DC Fast Charger,Commuter
611,User_611,Tesla Model 3,75,Station_259,San Francisco,2024-01-26 10:00,2024-01-26 13:07,68.24,2.71,8.99,39.69,Evening,Thursday,30.23,80.04,245.3,11.7,7,Level 1,Long-Distance Traveler
612,User_612,Tesla Model 3,62,Station_90,Los Angeles,2024-01-26 11:00,2024-01-26 11:54,67.13,1.23,27.96,32.7,Evening,Thursday,23.51,76.15,7.6,8.1,4,Level 1,Casual Driver
613,User_613,Hyundai Kona,75,Station_104,Chicago,2024-01-26 12:00,2024-01-26 15:40,42.92,3.17,13.1,22.07,Morning,Monday,34.83,97.25,129.4,6.4,5,DC Fast Charger,Casual Driver
614,User_614,Chevy Bolt,50,Station_379,San Francisco,2024-01-26 13:00,2024-01-26 13:48,0,0.89,15.34,22.67,Evening,Sunday,63.51,89.39,96,28.4,0,DC Fast Charger,Casual Driver
615,User_615,Tesla Model 3,62,Station_186,Chicago,2024-01-26 14:00,2024-01-26 17:49,35.33,1.47,44.67,25.36,Morning,Wednesday,51.42,73.34,128.3,29.2,3,DC Fast Charger,Long-Distance Traveler
616,User_616,Chevy Bolt,62,Station_250,Chicago,2024-01-26 15:00,2024-01-26 17:45,74.51,1.59,7.99,29.6,Morning,Saturday,70.43,95.66,298.3,36.4,1,Level 1,Casual Driver
617,User_617,BMW i3,50,Station_255,Los Angeles,2024-01-26 16:00,2024-01-26 16:32,0,1.01,37.57,17.34,Evening,Monday,43.71,73.82,73.8,35.3,6,Level 2,Commuter
618,User_618,Nissan Leaf,85,Station_76,Houston,2024-01-26 17:00,2024-01-26 20:44,49.74,2.02,32.87,19.58,Night,Wednesday,85.73,52.83,272.2,7.8,6,DC Fast Charger,Commuter
619,User_619,BMW i3,2,Station_386,New York,2024-01-26 18:00,2024-01-26 19:55,23.52,1.84,42.38,0.67,Morning,Tuesday,74.93,96.9,162.2,13.7,5,DC Fast Charger,Long-Distance Traveler
620,User_620,BMW i3,100,Station_459,Houston,2024-01-26 19:00,2024-01-26 22:58,44.95,1.59,34.04,26.38,Night,Saturday,66.85,61.31,232.2,22.6,5,Level 1,Casual Driver
621,User_621,Hyundai Kona,121,Station_108,San Francisco,2024-01-26 20:00,2024-01-26 22:54,66.71,1.9,6.51,32.29,Night,Wednesday,56.72,83.65,166.6,32.8,7,Level 2,Commuter
622,User_622,Nissan Leaf,62,Station_156,Houston,2024-01-26 21:00,2024-01-26 23:51,44.06,2.71,12.64,5.45,Morning,Sunday,74.68,73.06,10.9,3.8,3,Level 2,Casual Driver
623,User_623,BMW i3,100,Station_82,San Francisco,2024-01-26 22:00,2024-01-26 22:38,14.03,2.28,30.77,10.79,Night,Monday,87.72,85.39,274.3,9.3,7,Level 1,Commuter
624,User_624,BMW i3,85,Station_77,San Francisco,2024-01-26 23:00,2024-01-27 02:39,21.76,2.01,20.32,23.21,Morning,Friday,64.88,59.02,204.1,20.7,7,DC Fast Charger,Long-Distance Traveler
625,User_625,Nissan Leaf,50,Station_485,New York,2024-01-27 00:00,2024-01-27 02:03,16.55,6.49,36.75,30.02,Evening,Thursday,69.43,52.06,299.3,-1.6,0,Level 1,Commuter
626,User_626,Nissan Leaf,65,Station_470,Los Angeles,2024-01-27 01:00,2024-01-27 03:58,15.47,0.79,8.61,15.06,Evening,Monday,46.07,58.59,0,12.6,5,Level 2,Commuter
627,User_627,BMW i3,50,Station_460,New York,2024-01-27 02:00,2024-01-27 05:53,43.51,1.18,26.14,6.62,Evening,Wednesday,17.37,95.17,141.2,21.1,3,DC Fast Charger,Commuter
628,User_628,Nissan Leaf,75,Station_258,Houston,2024-01-27 03:00,2024-01-27 06:14,38.6,1.37,26.56,45.04,Evening,Saturday,37.93,75.1,298.3,6.2,6,Level 2,Long-Distance Traveler
629,User_629,BMW i3,62,Station_127,San Francisco,2024-01-27 04:00,2024-01-27 06:48,45.08,2.4,0,6.56,Evening,Saturday,40.17,94.6,250.4,7.3,5,Level 2,Commuter
630,User_630,BMW i3,85,Station_485,Chicago,2024-01-27 05:00,2024-01-27 05:49,58.77,2.75,12.8,22.04,Night,Wednesday,70.88,72.25,87.3,4.7,6,Level 2,Long-Distance Traveler
631,User_631,Hyundai Kona,62,Station_391,Chicago,2024-01-27 06:00,2024-01-27 07:04,65.54,1.97,5.21,32.85,Night,Thursday,45.97,51.33,166.2,8.9,6,Level 2,Long-Distance Traveler
632,User_632,Tesla Model 3,62,Station_282,San Francisco,2024-01-27 07:00,2024-01-27 08:22,79.21,2.6,20.61,22.48,Night,Monday,37.5,96.68,0,-1.2,4,DC Fast Charger,Commuter
633,User_633,BMW i3,62,Station_474,New York,2024-01-27 08:00,2024-01-27 11:24,62.92,1.11,37.24,38.97,Afternoon,Saturday,39.36,50.6,268.5,21.5,4,DC Fast Charger,Casual Driver
634,User_634,Chevy Bolt,35,Station_88,Los Angeles,2024-01-27 09:00,2024-01-27 11:19,18.4,2.07,5.9,28.02,Afternoon,Saturday,36.51,85.77,160.4,15.8,0,DC Fast Charger,Commuter
635,User_635,Tesla Model 3,62,Station_204,New York,2024-01-27 10:00,2024-01-27 13:52,47.49,3.41,44.87,6.15,Morning,Friday,62.16,63.08,46.8,-5.3,7,Level 1,Long-Distance Traveler
636,User_636,Tesla Model 3,85,Station_16,San Francisco,2024-01-27 11:00,2024-01-27 14:29,21.47,3.12,47.19,26.87,Afternoon,Tuesday,53.35,86.03,281.3,16.6,4,DC Fast Charger,Casual Driver
637,User_637,Tesla Model 3,75,Station_151,San Francisco,2024-01-27 12:00,2024-01-27 14:45,21.87,3.38,29.88,40.43,Evening,Friday,43.84,61.37,229.7,35,2,Level 2,Commuter
638,User_638,Hyundai Kona,75,Station_424,Los Angeles,2024-01-27 13:00,2024-01-27 13:33,78.24,2.78,10.33,10.55,Evening,Tuesday,76.1,59.31,66.6,30.2,2,Level 2,Commuter
639,User_639,BMW i3,62,Station_254,Houston,2024-01-27 14:00,2024-01-27 17:04,79.75,3.43,0,12.67,Evening,Saturday,19.73,69.33,187.5,29.4,3,DC Fast Charger,Commuter
640,User_640,Hyundai Kona,85,Station_188,Houston,2024-01-27 15:00,2024-01-27 18:21,66.9,2.77,39.32,17.09,Morning,Tuesday,22.59,75.4,227.4,-4.1,6,DC Fast Charger,Commuter
641,User_641,BMW i3,62,Station_329,Los Angeles,2024-01-27 16:00,2024-01-27 19:17,68.07,1.32,34.4,29.47,Morning,Monday,62.06,82.69,135.7,-5,1,Level 1,Commuter
642,User_642,Hyundai Kona,50,Station_32,Houston,2024-01-27 17:00,2024-01-27 19:11,40.05,1.04,26.33,36.05,Morning,Saturday,21.78,92.33,114.8,30.3,2,DC Fast Charger,Casual Driver
643,User_643,Hyundai Kona,85,Station_271,Chicago,2024-01-27 18:00,2024-01-27 19:16,77.68,2.88,36.88,31.19,Morning,Saturday,18.75,92.78,169.2,16.7,5,Level 1,Commuter
644,User_644,Chevy Bolt,62,Station_485,Houston,2024-01-27 19:00,2024-01-27 21:03,38.36,1.3,38.34,10.23,Night,Tuesday,72.51,86.3,281,5.5,4,DC Fast Charger,Long-Distance Traveler
645,User_645,Hyundai Kona,75,Station_397,Houston,2024-01-27 20:00,2024-01-27 23:21,6.34,0.94,4.32,12.55,Morning,Wednesday,44.29,55.52,170.9,26.7,4,Level 1,Long-Distance Traveler
646,User_646,Nissan Leaf,100,Station_5,Houston,2024-01-27 21:00,2024-01-27 22:17,6.98,2.89,35.79,23.12,Morning,Tuesday,23.83,78.78,77,27.4,6,DC Fast Charger,Casual Driver
647,User_647,Chevy Bolt,62,Station_459,Chicago,2024-01-27 22:00,2024-01-28 00:00,30.55,3.75,31.23,28.46,Afternoon,Tuesday,59.66,75.65,121.5,29.5,7,DC Fast Charger,Long-Distance Traveler
648,User_648,Hyundai Kona,50,Station_330,Houston,2024-01-27 23:00,2024-01-28 02:29,62.42,2.5,29.91,8.08,Night,Thursday,119.05,50.38,263.5,23.7,0,DC Fast Charger,Casual Driver
649,User_649,Tesla Model 3,26,Station_308,Chicago,2024-01-28 00:00,2024-01-28 01:53,34.79,3.41,11.92,19.59,Evening,Thursday,12.13,76.19,0,33.4,1,Level 1,Long-Distance Traveler
650,User_650,Nissan Leaf,42,Station_333,Los Angeles,2024-01-28 01:00,2024-01-28 02:37,58.46,1.02,0,37.03,Afternoon,Monday,30.1,76.86,73.8,20.7,7,Level 2,Casual Driver
651,User_651,Nissan Leaf,100,Station_169,New York,2024-01-28 02:00,2024-01-28 04:48,50.16,3.63,41.57,14.25,Morning,Monday,54.06,50.36,246.8,6.8,7,Level 1,Commuter
652,User_652,Nissan Leaf,100,Station_181,Los Angeles,2024-01-28 03:00,2024-01-28 06:54,76.07,3.72,5.49,8.83,Evening,Wednesday,15.22,83.98,233.3,10.7,1,DC Fast Charger,Long-Distance Traveler
653,User_653,Chevy Bolt,75,Station_366,New York,2024-01-28 04:00,2024-01-28 06:34,51.22,1.85,18.28,35.14,Evening,Thursday,89.53,56.6,54.8,14.5,5,Level 2,Long-Distance Traveler
654,User_654,Hyundai Kona,85,Station_178,Los Angeles,2024-01-28 05:00,2024-01-28 06:42,39.68,3.94,5.85,23.86,Evening,Friday,89.27,83.82,106.7,-1.4,1,Level 1,Casual Driver
655,User_655,Hyundai Kona,50,Station_143,New York,2024-01-28 06:00,2024-01-28 06:33,68.27,1.53,15.06,8.01,Afternoon,Monday,72.33,63.8,205.7,11.9,3,Level 1,Casual Driver
656,User_656,Tesla Model 3,62,Station_362,New York,2024-01-28 07:00,2024-01-28 08:45,30.55,2.83,8.83,38.44,Night,Monday,44.7,95.15,135,29.8,7,Level 2,Casual Driver
657,User_657,Tesla Model 3,75,Station_248,San Francisco,2024-01-28 08:00,2024-01-28 09:42,44.76,3.49,19.4,5.78,Night,Thursday,28.44,98.27,293.2,3.9,5,DC Fast Charger,Long-Distance Traveler
658,User_658,Nissan Leaf,75,Station_127,New York,2024-01-28 09:00,2024-01-28 10:46,59.16,2.87,19.1,20.11,Evening,Thursday,14.43,54.77,276.6,34.3,3,Level 2,Casual Driver
659,User_659,Tesla Model 3,100,Station_263,New York,2024-01-28 10:00,2024-01-28 11:17,57.15,2.57,5.96,13.63,Morning,Wednesday,82.43,93.34,245.1,38,7,DC Fast Charger,Commuter
660,User_660,Chevy Bolt,75,Station_40,San Francisco,2024-01-28 11:00,2024-01-28 14:03,0,2.07,38.69,38.3,Night,Thursday,48.45,82.51,39.1,2.1,3,Level 2,Casual Driver
661,User_661,Hyundai Kona,75,Station_412,Houston,2024-01-28 12:00,2024-01-28 14:11,23.84,2.85,12.33,36.24,Night,Sunday,63.2,73.81,192.3,29,3,Level 1,Commuter
662,User_662,Nissan Leaf,48,Station_416,Houston,2024-01-28 13:00,2024-01-28 15:15,29.35,2.56,30.32,13.51,Morning,Tuesday,72.6,22.28,95.3,36.7,1,Level 1,Commuter
663,User_663,Tesla Model 3,85,Station_355,San Francisco,2024-01-28 14:00,2024-01-28 15:46,47.06,2.45,10.41,31.58,Afternoon,Saturday,63.14,92.64,152.1,-7.2,6,Level 1,Casual Driver
664,User_664,Chevy Bolt,75,Station_255,Chicago,2024-01-28 15:00,2024-01-28 16:08,27.17,3.32,23.82,9.89,Afternoon,Friday,46.82,79.21,163.1,4.2,4,DC Fast Charger,Commuter
665,User_665,Chevy Bolt,50,Station_143,New York,2024-01-28 16:00,2024-01-28 17:27,48.94,3.79,31.17,10.16,Morning,Saturday,75.81,89.15,112.7,31.5,4,DC Fast Charger,Commuter
666,User_666,Tesla Model 3,50,Station_240,New York,2024-01-28 17:00,2024-01-28 17:48,19.15,2.8,35.45,7.52,Afternoon,Tuesday,56.82,55.05,153.1,24.1,1,Level 2,Commuter
667,User_667,Hyundai Kona,75,Station_228,San Francisco,2024-01-28 18:00,2024-01-28 19:57,58.2,1.76,6.51,38.3,Evening,Sunday,25.84,83.12,221.2,19.9,5,DC Fast Charger,Casual Driver
668,User_668,Tesla Model 3,62,Station_341,San Francisco,2024-01-28 19:00,2024-01-28 21:22,65.2,2.95,22.57,9.02,Night,Sunday,13.91,77.58,214.9,15,7,DC Fast Charger,Casual Driver
669,User_669,Nissan Leaf,5,Station_198,Chicago,2024-01-28 20:00,2024-01-28 21:46,51.14,1.78,21.12,34.74,Afternoon,Tuesday,58.19,69.16,290.8,18.4,2,Level 2,Commuter
670,User_670,Tesla Model 3,50,Station_65,Houston,2024-01-28 21:00,2024-01-28 22:46,69.72,3.78,10.06,37.12,Evening,Saturday,20.43,79.52,205.8,-4.5,4,DC Fast Charger,Long-Distance Traveler
671,User_671,Chevy Bolt,85,Station_388,Los Angeles,2024-01-28 22:00,2024-01-29 01:35,41.98,3.2,49.31,19.56,Evening,Tuesday,11.42,88.5,260.5,8.2,5,Level 2,Commuter
672,User_672,Tesla Model 3,50,Station_11,Houston,2024-01-28 23:00,2024-01-28 23:57,69.42,1.94,9.89,10.83,Evening,Monday,29.13,99.89,74,37.3,5,DC Fast Charger,Casual Driver
673,User_673,Hyundai Kona,50,Station_108,New York,2024-01-29 00:00,2024-01-29 01:35,78.98,2.9,37.48,32.76,Evening,Sunday,30.86,89.89,222.8,9.6,0,DC Fast Charger,Commuter
674,User_674,BMW i3,85,Station_26,San Francisco,2024-01-29 01:00,2024-01-29 01:39,8.53,2.93,9.81,17.86,Evening,Saturday,40.4,66.03,99.2,39.9,1,Level 1,Commuter
675,User_675,Tesla Model 3,97,Station_445,Chicago,2024-01-29 02:00,2024-01-29 04:35,54.86,1.74,38.7,18.79,Morning,Tuesday,16.5,133.63,225.6,-7.7,0,DC Fast Charger,Casual Driver
676,User_676,Hyundai Kona,106,Station_421,Houston,2024-01-29 03:00,2024-01-29 06:54,48.5,3.26,43.61,13.98,Night,Monday,28.21,64.31,94.9,23.9,4,Level 2,Casual Driver
677,User_677,Hyundai Kona,62,Station_151,Chicago,2024-01-29 04:00,2024-01-29 05:27,52.53,0.75,40.99,17.65,Night,Thursday,29.72,63.9,62.2,36.5,0,Level 2,Long-Distance Traveler
678,User_678,Chevy Bolt,75,Station_221,Houston,2024-01-29 05:00,2024-01-29 08:50,45.47,2.96,48.01,7.39,Morning,Sunday,56.83,89.62,289.8,26.5,6,Level 1,Commuter
679,User_679,Hyundai Kona,50,Station_341,New York,2024-01-29 06:00,2024-01-29 08:51,34.68,1.5,41.81,36.03,Morning,Friday,79.03,54,218.3,37.3,6,Level 2,Commuter
680,User_680,Hyundai Kona,50,Station_496,Los Angeles,2024-01-29 07:00,2024-01-29 09:34,5.36,3,18.32,13.65,Evening,Friday,79.19,69.74,0,27.8,4,Level 1,Commuter
681,User_681,Hyundai Kona,100,Station_237,Chicago,2024-01-29 08:00,2024-01-29 10:21,27.28,1,24.48,12.45,Afternoon,Tuesday,54.57,74.29,130.8,-3.3,0,DC Fast Charger,Long-Distance Traveler
682,User_682,Hyundai Kona,75,Station_237,Chicago,2024-01-29 09:00,2024-01-29 10:53,11.51,2.46,3.8,31.19,Night,Friday,18.89,82.47,234.9,-4.1,3,Level 1,Long-Distance Traveler
683,User_683,Nissan Leaf,62,Station_497,Los Angeles,2024-01-29 10:00,2024-01-29 12:52,9.45,1.47,40.52,17.59,Afternoon,Monday,75.62,93.74,115.4,-4.8,3,DC Fast Charger,Commuter
684,User_684,Nissan Leaf,85,Station_219,Chicago,2024-01-29 11:00,2024-01-29 13:05,53.1,1.86,12.62,40.32,Night,Thursday,33.66,52.83,74.4,14.1,6,Level 2,Casual Driver
685,User_685,Chevy Bolt,75,Station_487,Chicago,2024-01-29 12:00,2024-01-29 13:02,28.79,3.19,33.37,11.34,Evening,Tuesday,40.83,61.65,125.8,1.3,0,Level 1,Commuter
686,User_686,Tesla Model 3,75,Station_424,Houston,2024-01-29 13:00,2024-01-29 15:54,51.21,1.29,9.98,24.58,Afternoon,Wednesday,67.39,59.76,178.1,12.3,5,Level 2,Commuter
687,User_687,Hyundai Kona,101,Station_461,Houston,2024-01-29 14:00,2024-01-29 17:01,7.28,2.69,21.06,34.65,Night,Saturday,12.88,72.45,66.8,27,0,Level 2,Commuter
688,User_688,Tesla Model 3,83,Station_151,Los Angeles,2024-01-29 15:00,2024-01-29 18:07,0,3.14,49.23,38.38,Night,Sunday,68.85,86.41,109.4,34.4,4,Level 2,Casual Driver
689,User_689,Tesla Model 3,100,Station_123,New York,2024-01-29 16:00,2024-01-29 19:39,74.35,2.23,18.03,31.42,Evening,Friday,78.78,62,144.4,-8.1,1,Level 2,Long-Distance Traveler
690,User_690,Chevy Bolt,50,Station_144,Chicago,2024-01-29 17:00,2024-01-29 19:50,79.96,2.97,9.81,13.15,Afternoon,Friday,20.76,98.43,278.5,4.8,2,Level 2,Long-Distance Traveler
691,User_691,Hyundai Kona,100,Station_478,New York,2024-01-29 18:00,2024-01-29 21:39,57.23,1.39,30.94,5.66,Evening,Tuesday,22.44,63.15,36,0.8,4,Level 1,Commuter
692,User_692,Hyundai Kona,62,Station_189,Los Angeles,2024-01-29 19:00,2024-01-29 20:16,39.22,3.07,0,11.95,Afternoon,Saturday,14.13,66.71,252.9,36.2,3,Level 2,Commuter
693,User_693,BMW i3,100,Station_255,Los Angeles,2024-01-29 20:00,2024-01-29 22:21,10.42,1.23,18.9,8.94,Afternoon,Saturday,54.98,59.78,143.6,21.3,2,Level 1,Commuter
694,User_694,Tesla Model 3,85,Station_68,Houston,2024-01-29 21:00,2024-01-29 23:53,47.2,1.55,23.43,9.99,Night,Friday,74.88,94.07,278.9,28.4,7,Level 1,Casual Driver
695,User_695,Tesla Model 3,75,Station_104,Chicago,2024-01-29 22:00,2024-01-30 01:43,64.45,4,21.47,31.67,Morning,Friday,46.22,89.44,231.2,19,1,Level 1,Commuter
696,User_696,Nissan Leaf,85,Station_336,San Francisco,2024-01-29 23:00,2024-01-30 02:58,37.85,2.26,2.83,8.33,Afternoon,Wednesday,55.25,101.7,173.2,24.4,4,Level 2,Casual Driver
697,User_697,BMW i3,61,Station_159,Los Angeles,2024-01-30 00:00,2024-01-30 01:12,0,2.5,41.13,8.82,Afternoon,Saturday,36.35,78.66,200.4,38.2,0,Level 2,Commuter
698,User_698,Nissan Leaf,62,Station_309,Chicago,2024-01-30 01:00,2024-01-30 01:37,79.26,0.62,27.65,27.61,Evening,Monday,80.47,81.06,109,17.2,7,Level 1,Commuter
699,User_699,Nissan Leaf,100,Station_362,New York,2024-01-30 02:00,2024-01-30 02:32,38.62,2.53,43.01,10.4,Afternoon,Sunday,70.99,55.5,283.1,34.3,2,Level 2,Commuter
700,User_700,Nissan Leaf,62,Station_409,Houston,2024-01-30 03:00,2024-01-30 05:34,24.4,1.48,31.12,24.13,Afternoon,Tuesday,65.98,51.25,32,23.6,0,Level 1,Long-Distance Traveler
701,User_701,Chevy Bolt,75,Station_300,New York,2024-01-30 04:00,2024-01-30 04:41,26.18,3.81,25.86,26.6,Afternoon,Tuesday,66.54,81.33,243.9,-5.3,1,Level 2,Commuter
702,User_702,Chevy Bolt,75,Station_396,Los Angeles,2024-01-30 05:00,2024-01-30 06:53,0,2.85,45.46,22.85,Afternoon,Wednesday,46.28,58.48,151.9,31.5,5,Level 2,Commuter
703,User_703,Nissan Leaf,62,Station_90,Los Angeles,2024-01-30 06:00,2024-01-30 06:45,28.68,3.25,16.49,30.52,Afternoon,Sunday,13.89,81.57,248,2.9,6,Level 1,Commuter
704,User_704,BMW i3,62,Station_357,New York,2024-01-30 07:00,2024-01-30 08:47,34.73,2.96,24.02,25.48,Morning,Wednesday,80.99,94.76,264.7,-5.8,6,Level 2,Commuter
705,User_705,Tesla Model 3,100,Station_256,Los Angeles,2024-01-30 08:00,2024-01-30 11:57,56.66,0.61,21.07,12.85,Night,Monday,84.62,89,152,17.4,0,Level 1,Casual Driver
706,User_706,BMW i3,50,Station_496,Chicago,2024-01-30 09:00,2024-01-30 10:28,5.58,2.83,35.82,35.01,Afternoon,Thursday,68.6,95.59,125.3,16.5,3,Level 1,Casual Driver
707,User_707,Hyundai Kona,85,Station_353,Los Angeles,2024-01-30 10:00,2024-01-30 13:26,9.67,1.62,37.51,16.72,Evening,Tuesday,48.39,71.21,145.1,-1.9,4,Level 2,Commuter
708,User_708,Chevy Bolt,193,Station_220,Houston,2024-01-30 11:00,2024-01-30 12:32,42.74,1.18,40.21,14.26,Evening,Saturday,19.56,67.8,119.5,-4.2,4,Level 2,Casual Driver
709,User_709,Tesla Model 3,75,Station_9,Chicago,2024-01-30 12:00,2024-01-30 15:39,58.28,2.28,32.98,31.95,Afternoon,Sunday,34.46,84.49,205.4,26.1,5,Level 1,Commuter
710,User_710,Tesla Model 3,50,Station_12,San Francisco,2024-01-30 13:00,2024-01-30 14:18,47.89,4.23,26.43,13.43,Afternoon,Friday,82.18,83.01,235.9,36.4,5,Level 1,Commuter
711,User_711,Hyundai Kona,62,Station_325,Los Angeles,2024-01-30 14:00,2024-01-30 15:20,10.56,3.99,17.23,29.84,Afternoon,Sunday,64.66,58.69,38,32.3,0,Level 1,Casual Driver
712,User_712,Hyundai Kona,62,Station_438,Los Angeles,2024-01-30 15:00,2024-01-30 16:02,12.13,2.95,9.58,38.12,Morning,Monday,48.95,77.68,81.6,23.6,2,DC Fast Charger,Casual Driver
713,User_713,Nissan Leaf,75,Station_244,Houston,2024-01-30 16:00,2024-01-30 16:59,45.91,0.71,26.31,11.23,Night,Tuesday,40.72,97.29,194.3,28.4,5,Level 2,Commuter
714,User_714,Chevy Bolt,75,Station_182,Houston,2024-01-30 17:00,2024-01-30 20:36,8.12,1.98,0,26.85,Evening,Saturday,22.19,99.63,223.4,33.7,0,DC Fast Charger,Long-Distance Traveler
715,User_715,Chevy Bolt,50,Station_284,New York,2024-01-30 18:00,2024-01-30 19:45,9.62,3.94,34.94,29.81,Morning,Monday,68.59,61.58,29,15.4,0,Level 1,Commuter
716,User_716,BMW i3,100,Station_312,New York,2024-01-30 19:00,2024-01-30 19:44,27.85,1.87,37.69,37.96,Morning,Thursday,12.17,98.08,89.8,-1.7,6,DC Fast Charger,Commuter
717,User_717,Nissan Leaf,85,Station_99,New York,2024-01-30 20:00,2024-01-30 21:51,23.22,0.66,5.41,30.84,Afternoon,Saturday,17.51,97.24,214.2,22.9,0,Level 1,Long-Distance Traveler
718,User_718,Nissan Leaf,50,Station_197,Houston,2024-01-30 21:00,2024-01-30 23:01,21.31,3.74,28.04,39.93,Night,Tuesday,78.3,91.72,198.7,-5.5,1,DC Fast Charger,Casual Driver
719,User_719,Nissan Leaf,50,Station_482,New York,2024-01-30 22:00,2024-01-30 22:52,77.46,3.01,47.33,38.26,Afternoon,Sunday,63.57,68.75,273.7,-3,1,DC Fast Charger,Long-Distance Traveler
720,User_720,Nissan Leaf,62,Station_366,New York,2024-01-30 23:00,2024-01-31 02:55,32.25,3.65,71.62,35.48,Evening,Friday,45.41,78.64,25.1,-1.9,4,Level 2,Commuter
721,User_721,Chevy Bolt,50,Station_226,San Francisco,2024-01-31 00:00,2024-01-31 02:03,17.93,2.96,35.14,11.48,Night,Saturday,87.37,77.09,219.1,-7.6,2,Level 2,Casual Driver
722,User_722,Chevy Bolt,100,Station_333,New York,2024-01-31 01:00,2024-01-31 02:14,77.3,0.68,5.97,8.43,Afternoon,Tuesday,52.9,74.05,86.5,-8.9,5,DC Fast Charger,Long-Distance Traveler
723,User_723,Nissan Leaf,75,Station_103,Los Angeles,2024-01-31 02:00,2024-01-31 03:31,26.49,2.12,7.15,27.97,Evening,Monday,55.39,56.75,261.4,19.7,5,Level 1,Long-Distance Traveler
724,User_724,BMW i3,50,Station_106,Houston,2024-01-31 03:00,2024-01-31 06:56,55.3,2.54,37.35,24.08,Morning,Thursday,71.92,88.38,106.9,30.2,1,Level 2,Commuter
725,User_725,Tesla Model 3,100,Station_365,Chicago,2024-01-31 04:00,2024-01-31 07:48,10.19,2.19,14.44,29.62,Evening,Saturday,14.18,71.75,299,-5.4,3,DC Fast Charger,Long-Distance Traveler
726,User_726,Tesla Model 3,42,Station_368,San Francisco,2024-01-31 05:00,2024-01-31 05:44,62.63,1.31,37.57,18.48,Evening,Monday,69.88,89.71,38.6,1.2,1,Level 1,Commuter
727,User_727,BMW i3,8,Station_58,Houston,2024-01-31 06:00,2024-01-31 07:15,36.23,1.89,11.09,31.09,Evening,Monday,43.36,91.94,144.5,17.4,1,Level 2,Casual Driver
728,User_728,Nissan Leaf,62,Station_78,Houston,2024-01-31 07:00,2024-01-31 08:33,12.35,1.5,44.05,24.31,Night,Wednesday,47.07,68.83,0,15,4,DC Fast Charger,Long-Distance Traveler
729,User_729,Chevy Bolt,75,Station_75,Los Angeles,2024-01-31 08:00,2024-01-31 11:23,28.25,2.57,26.64,16.52,Morning,Monday,53.82,67.23,149,16.7,6,Level 1,Casual Driver
730,User_730,Tesla Model 3,62,Station_42,New York,2024-01-31 09:00,2024-01-31 12:33,53.19,1.9,4.88,36.93,Night,Sunday,59.1,95.23,167,37.4,7,Level 1,Casual Driver
731,User_731,Hyundai Kona,62,Station_422,Los Angeles,2024-01-31 10:00,2024-01-31 13:21,63.97,1.98,41.35,10.34,Morning,Saturday,54.84,99.13,90.8,9.2,1,DC Fast Charger,Commuter
732,User_732,Hyundai Kona,75,Station_324,New York,2024-01-31 11:00,2024-01-31 12:44,48.66,1.76,36.32,15.4,Afternoon,Thursday,49.28,91.75,178.1,21,0,Level 1,Long-Distance Traveler
733,User_733,BMW i3,75,Station_181,New York,2024-01-31 12:00,2024-01-31 15:06,51.16,1.92,14.9,35.91,Afternoon,Friday,40.36,79.6,258.3,31.6,12,DC Fast Charger,Casual Driver
734,User_734,Nissan Leaf,75,Station_33,Houston,2024-01-31 13:00,2024-01-31 16:39,68.24,3.38,49.36,33.36,Evening,Wednesday,57.91,88.31,276.4,14.8,2,Level 1,Long-Distance Traveler
735,User_735,Tesla Model 3,62,Station_71,New York,2024-01-31 14:00,2024-01-31 15:21,70.38,1.05,20.62,25.44,Evening,Monday,32.46,75.46,302.9,-6.5,6,DC Fast Charger,Long-Distance Traveler
736,User_736,Nissan Leaf,75,Station_56,San Francisco,2024-01-31 15:00,2024-01-31 18:31,56.55,2.62,4.34,38.85,Night,Saturday,29.26,88.25,12,10.5,6,Level 2,Long-Distance Traveler
737,User_737,Tesla Model 3,85,Station_105,San Francisco,2024-01-31 16:00,2024-01-31 17:57,16.83,2.74,14.51,11.58,Morning,Sunday,30.62,82.46,199.3,26,6,Level 1,Long-Distance Traveler
738,User_738,BMW i3,62,Station_200,San Francisco,2024-01-31 17:00,2024-01-31 18:26,76.47,3.68,0,37.06,Morning,Sunday,72.55,51.92,270.5,38.6,6,DC Fast Charger,Casual Driver
739,User_739,BMW i3,100,Station_101,Houston,2024-01-31 18:00,2024-01-31 19:52,6.07,3.6,46.62,16.18,Morning,Sunday,19.65,71.19,92.4,27.3,4,DC Fast Charger,Long-Distance Traveler
740,User_740,Hyundai Kona,62,Station_256,Los Angeles,2024-01-31 19:00,2024-01-31 20:35,10.14,1.58,36.08,26.55,Evening,Tuesday,34.89,99.87,217.6,40.8,1,Level 1,Commuter
741,User_741,Nissan Leaf,75,Station_307,Chicago,2024-01-31 20:00,2024-01-31 22:59,62.54,3.11,24.19,21.66,Evening,Wednesday,14.82,69.84,257.3,19.1,5,Level 2,Commuter
742,User_742,Hyundai Kona,62,Station_74,New York,2024-01-31 21:00,2024-01-31 21:49,0,2.37,31.71,18.1,Morning,Thursday,81,84.05,158.4,36.4,6,DC Fast Charger,Long-Distance Traveler
743,User_743,Nissan Leaf,37,Station_171,Chicago,2024-01-31 22:00,2024-01-31 23:02,16.5,1.81,9.55,12.19,Evening,Tuesday,50.53,93.95,225.3,31.8,0,Level 2,Long-Distance Traveler
744,User_744,Hyundai Kona,94,Station_377,Los Angeles,2024-01-31 23:00,2024-02-01 00:41,9.13,0.99,0,8.66,Morning,Thursday,54.35,51.27,191.1,6.7,2,Level 1,Commuter
745,User_745,Chevy Bolt,50,Station_143,Los Angeles,2024-02-01 00:00,2024-02-01 00:54,44,3.56,30.24,24.31,Night,Tuesday,89.63,67.71,138.8,-6.9,0,Level 2,Long-Distance Traveler
746,User_746,Chevy Bolt,62,Station_166,Houston,2024-02-01 01:00,2024-02-01 02:15,41.77,4.59,21.83,36.7,Afternoon,Friday,42.36,51.49,14.6,38.8,6,Level 1,Casual Driver
747,User_747,Chevy Bolt,100,Station_399,San Francisco,2024-02-01 02:00,2024-02-01 03:42,6.7,2.13,4.05,34.46,Morning,Thursday,82.33,7.6,104.7,1.6,5,DC Fast Charger,Long-Distance Traveler
748,User_748,Chevy Bolt,62,Station_261,San Francisco,2024-02-01 03:00,2024-02-01 05:07,69.44,3.66,16.61,12.61,Evening,Tuesday,22.71,50.8,266.8,10,5,Level 2,Long-Distance Traveler
749,User_749,Tesla Model 3,75,Station_221,Los Angeles,2024-02-01 04:00,2024-02-01 05:26,38.71,2.97,14.53,14.36,Night,Sunday,28.63,61.66,260.5,-6.4,5,Level 1,Casual Driver
750,User_750,Chevy Bolt,81,Station_83,Houston,2024-02-01 05:00,2024-02-01 06:56,57.98,2.86,6.5,14.34,Evening,Thursday,58.31,63.87,114.9,7.6,5,DC Fast Charger,Long-Distance Traveler
751,User_751,BMW i3,75,Station_182,Houston,2024-02-01 06:00,2024-02-01 08:42,74.11,2.22,45.7,14.76,Evening,Wednesday,72.9,51.69,177.2,3.3,3,Level 2,Casual Driver
752,User_752,BMW i3,100,Station_307,New York,2024-02-01 07:00,2024-02-01 08:24,40.32,1.74,11.77,15.1,Evening,Thursday,31.09,86.58,99.2,0.5,7,Level 1,Casual Driver
753,User_753,Tesla Model 3,50,Station_10,San Francisco,2024-02-01 08:00,2024-02-01 09:30,47.2,2.86,44.34,27.39,Morning,Saturday,65.48,84.23,86.6,4.3,6,Level 2,Commuter
754,User_754,Chevy Bolt,100,Station_396,Los Angeles,2024-02-01 09:00,2024-02-01 10:58,22.52,3.56,35.15,11.22,Night,Thursday,40.14,59.07,80.2,16.3,6,DC Fast Charger,Commuter
755,User_755,Chevy Bolt,62,Station_4,Chicago,2024-02-01 10:00,2024-02-01 10:37,68.26,2.41,33.64,17.03,Morning,Tuesday,46.38,88.39,0,-9.5,7,DC Fast Charger,Long-Distance Traveler
756,User_756,Chevy Bolt,50,Station_351,San Francisco,2024-02-01 11:00,2024-02-01 11:45,73.51,1.84,30.93,31.85,Afternoon,Thursday,60.77,63.57,246.3,2.3,2,Level 1,Commuter
757,User_757,Hyundai Kona,75,Station_402,New York,2024-02-01 12:00,2024-02-01 15:25,73.87,1.2,26.09,5.64,Morning,Friday,80.7,88.21,180.5,21.3,4,Level 2,Long-Distance Traveler
758,User_758,Nissan Leaf,50,Station_336,Houston,2024-02-01 13:00,2024-02-01 15:25,64.38,2.31,15.26,8.81,Afternoon,Monday,15.59,98.81,199.8,25.4,3,Level 2,Long-Distance Traveler
759,User_759,Hyundai Kona,50,Station_488,Los Angeles,2024-02-01 14:00,2024-02-01 15:30,12.01,0.75,47.9,35.09,Night,Wednesday,41.66,83.16,133.4,23.9,5,DC Fast Charger,Commuter
760,User_760,Nissan Leaf,30,Station_292,San Francisco,2024-02-01 15:00,2024-02-01 15:44,36.23,3.99,27.2,21.93,Night,Saturday,80.58,91.08,34,23.3,3,Level 2,Commuter
761,User_761,Chevy Bolt,100,Station_281,Chicago,2024-02-01 16:00,2024-02-01 19:42,28.85,3.29,11.03,10.43,Morning,Sunday,41.59,90,298.6,-0.5,4,Level 2,Long-Distance Traveler
762,User_762,Chevy Bolt,85,Station_215,New York,2024-02-01 17:00,2024-02-01 19:59,76.58,2.68,41.12,21.32,Morning,Tuesday,31.36,93.56,233.2,14.1,1,Level 2,Long-Distance Traveler
763,User_763,Hyundai Kona,50,Station_460,New York,2024-02-01 18:00,2024-02-01 20:40,74.13,2.19,47.82,11.35,Evening,Sunday,71.9,99.36,151.1,18.2,6,Level 1,Long-Distance Traveler
764,User_764,Hyundai Kona,100,Station_98,San Francisco,2024-02-01 19:00,2024-02-01 21:11,73.81,2.37,10.58,5.31,Afternoon,Sunday,53.17,92.16,126.4,25,4,DC Fast Charger,Casual Driver
765,User_765,Nissan Leaf,50,Station_420,Chicago,2024-02-01 20:00,2024-02-01 21:23,35.03,1.74,22.03,28.81,Evening,Thursday,26.28,59.2,208.5,-8.7,2,Level 1,Long-Distance Traveler
766,User_766,BMW i3,62,Station_101,New York,2024-02-01 21:00,2024-02-01 21:43,0,2.2,10.6,15.11,Evening,Thursday,64.48,60.64,172.6,39.4,7,DC Fast Charger,Long-Distance Traveler
767,User_767,Nissan Leaf,85,Station_451,Los Angeles,2024-02-01 22:00,2024-02-01 23:05,35.9,1.77,12.51,20.25,Night,Thursday,16.49,53.08,150.3,15.1,4,Level 1,Long-Distance Traveler
768,User_768,Hyundai Kona,62,Station_9,New York,2024-02-01 23:00,2024-02-02 02:59,48.33,2.15,14.81,15.3,Morning,Wednesday,56.27,65.99,229.2,18,4,Level 1,Commuter
769,User_769,Hyundai Kona,75,Station_61,Chicago,2024-02-02 00:00,2024-02-02 02:14,53.71,1.69,23.73,30.14,Night,Saturday,15.9,58.17,0,-6.4,7,Level 1,Commuter
770,User_770,Tesla Model 3,75,Station_309,Houston,2024-02-02 01:00,2024-02-02 02:51,15.56,0.76,44.45,28.84,Morning,Monday,83.2,61.22,243.8,25.9,1,Level 2,Casual Driver
771,User_771,Hyundai Kona,50,Station_146,Houston,2024-02-02 02:00,2024-02-02 03:36,40.74,2.53,9.87,36.57,Night,Friday,33.93,67.7,119.1,13.5,0,DC Fast Charger,Long-Distance Traveler
772,User_772,Tesla Model 3,62,Station_427,San Francisco,2024-02-02 03:00,2024-02-02 03:39,11.58,3.62,9.63,5.78,Night,Saturday,26.11,71.4,157.6,36,1,Level 1,Long-Distance Traveler
773,User_773,BMW i3,75,Station_419,Chicago,2024-02-02 04:00,2024-02-02 05:18,39.68,6.76,43.12,15.3,Night,Friday,71.93,57.05,14.6,-8.6,2,Level 2,Long-Distance Traveler
774,User_774,Nissan Leaf,100,Station_63,New York,2024-02-02 05:00,2024-02-02 07:20,5.76,1.59,10.88,25.17,Afternoon,Sunday,65.91,52.24,18.7,11.1,3,Level 1,Long-Distance Traveler
775,User_775,Nissan Leaf,50,Station_121,New York,2024-02-02 06:00,2024-02-02 07:34,54.49,1.61,0,11.3,Night,Saturday,67.91,54.64,71.1,4.7,1,Level 2,Long-Distance Traveler
776,User_776,Tesla Model 3,62,Station_226,Houston,2024-02-02 07:00,2024-02-02 08:26,20.52,3.65,27.17,13.37,Afternoon,Tuesday,83.59,159.99,286.4,22.5,5,Level 1,Long-Distance Traveler
777,User_777,Nissan Leaf,62,Station_105,Houston,2024-02-02 08:00,2024-02-02 08:56,13.59,3.52,40.81,37.9,Night,Monday,67.8,58.53,103.5,4.5,7,DC Fast Charger,Commuter
778,User_778,Hyundai Kona,50,Station_462,Los Angeles,2024-02-02 09:00,2024-02-02 12:52,19.98,2.29,35.9,22.64,Morning,Monday,73.29,58.58,299.5,14.4,2,DC Fast Charger,Casual Driver
779,User_779,Chevy Bolt,50,Station_260,Houston,2024-02-02 10:00,2024-02-02 12:22,73.37,3.02,45.51,11.87,Afternoon,Wednesday,62.53,62.34,180.5,7.7,4,Level 1,Commuter
780,User_780,Tesla Model 3,75,Station_349,Los Angeles,2024-02-02 11:00,2024-02-02 13:42,75.62,3.74,37.18,17.8,Morning,Saturday,87.25,76.17,75.7,6.2,6,Level 1,Commuter
781,User_781,Nissan Leaf,65,Station_425,New York,2024-02-02 12:00,2024-02-02 13:40,15.57,1.22,49.64,18.55,Morning,Thursday,54.12,58.53,31.6,35.7,6,Level 1,Commuter
782,User_782,Tesla Model 3,50,Station_255,Los Angeles,2024-02-02 13:00,2024-02-02 14:52,36.63,0.97,17.5,31.16,Morning,Monday,35.98,56.84,59.1,-1.8,5,Level 1,Casual Driver
783,User_783,Tesla Model 3,50,Station_429,Los Angeles,2024-02-02 14:00,2024-02-02 15:26,6.31,2.8,21.85,23.88,Afternoon,Saturday,89.79,83.85,179.1,10.4,2,Level 2,Long-Distance Traveler
784,User_784,Chevy Bolt,50,Station_434,San Francisco,2024-02-02 15:00,2024-02-02 17:29,52.18,2.88,37.91,13,Evening,Thursday,12.06,75.36,259.6,-2.7,3,DC Fast Charger,Casual Driver
785,User_785,Hyundai Kona,75,Station_207,Houston,2024-02-02 16:00,2024-02-02 18:02,0,1.77,29.84,36.89,Afternoon,Wednesday,41.5,54.94,38,5.5,6,Level 2,Commuter
786,User_786,Tesla Model 3,61,Station_28,Los Angeles,2024-02-02 17:00,2024-02-02 17:44,17.22,0.96,47.75,15.18,Evening,Sunday,53.67,76.2,20.5,20,1,DC Fast Charger,Commuter
787,User_787,Nissan Leaf,50,Station_170,New York,2024-02-02 18:00,2024-02-02 20:20,48.15,2.87,15.52,31.84,Afternoon,Sunday,16.54,99.98,33.1,32.2,0,Level 1,Commuter
788,User_788,BMW i3,62,Station_336,Chicago,2024-02-02 19:00,2024-02-02 21:10,25.12,1.01,32.09,14.44,Night,Saturday,58.39,93.65,272.3,-6.1,3,DC Fast Charger,Commuter
789,User_789,Tesla Model 3,85,Station_76,Los Angeles,2024-02-02 20:00,2024-02-02 22:28,67.9,0.84,41.07,25.57,Evening,Saturday,45.58,87.8,120.4,25.6,1,Level 1,Long-Distance Traveler
790,User_790,Tesla Model 3,85,Station_116,Houston,2024-02-02 21:00,2024-02-02 22:45,43.25,3.21,19.28,13.37,Night,Tuesday,16.43,85.24,156.2,27.8,1,Level 1,Commuter
791,User_791,Chevy Bolt,62,Station_69,San Francisco,2024-02-02 22:00,2024-02-03 01:07,62.62,1.82,19.79,16.79,Evening,Saturday,84.03,92.44,209.6,21.5,3,Level 2,Commuter
792,User_792,Hyundai Kona,85,Station_354,New York,2024-02-02 23:00,2024-02-02 23:49,43.83,3.13,41.84,58.75,Afternoon,Tuesday,37.69,77.13,29.9,33.5,7,DC Fast Charger,Long-Distance Traveler
793,User_793,BMW i3,100,Station_234,San Francisco,2024-02-03 00:00,2024-02-03 03:14,31.19,1.86,11.58,17.26,Afternoon,Thursday,69.86,23.55,18.8,28.3,6,Level 2,Commuter
794,User_794,Nissan Leaf,75,Station_1,Chicago,2024-02-03 01:00,2024-02-03 03:40,74.83,1.4,43.13,26.22,Evening,Sunday,23.73,53.81,238.7,31,3,Level 2,Long-Distance Traveler
795,User_795,BMW i3,85,Station_167,Los Angeles,2024-02-03 02:00,2024-02-03 03:42,0,1.68,9.43,22.95,Night,Thursday,15,66.92,0.9,25.4,7,Level 2,Casual Driver
796,User_796,Nissan Leaf,75,Station_352,Los Angeles,2024-02-03 03:00,2024-02-03 05:31,78.9,1.23,30.75,7.26,Morning,Sunday,62.09,80.77,73.6,16.5,4,Level 2,Long-Distance Traveler
797,User_797,Hyundai Kona,62,Station_218,Houston,2024-02-03 04:00,2024-02-03 05:10,10.24,1.39,29.22,34.65,Evening,Sunday,14.96,70.51,295.9,18.2,3,DC Fast Charger,Commuter
798,User_798,Nissan Leaf,85,Station_273,Los Angeles,2024-02-03 05:00,2024-02-03 08:16,5.14,2,9.23,21.49,Evening,Monday,83.67,80.52,66.5,8.6,0,DC Fast Charger,Long-Distance Traveler
799,User_799,Chevy Bolt,50,Station_368,New York,2024-02-03 06:00,2024-02-03 09:03,59.92,3.75,30.43,14.12,Night,Wednesday,41.64,95.01,239.2,7.2,7,Level 2,Commuter
800,User_800,Chevy Bolt,62,Station_251,Chicago,2024-02-03 07:00,2024-02-03 09:39,8.35,3.43,34.72,35.66,Morning,Tuesday,13.14,97.26,42.6,2.8,7,DC Fast Charger,Commuter
801,User_801,Chevy Bolt,58,Station_347,San Francisco,2024-02-03 08:00,2024-02-03 08:52,40.76,0.94,41.33,24.91,Evening,Sunday,57.81,87.27,196.5,35.5,3,Level 1,Casual Driver
802,User_802,Chevy Bolt,85,Station_344,Chicago,2024-02-03 09:00,2024-02-03 09:52,18.89,1.42,17.01,28.24,Morning,Monday,54.31,57.66,73.3,33,2,DC Fast Charger,Commuter
803,User_803,BMW i3,50,Station_419,Los Angeles,2024-02-03 10:00,2024-02-03 12:53,42.8,2.34,33.79,12.78,Morning,Friday,67.95,57.87,17.8,12.9,3,Level 2,Commuter
804,User_804,Hyundai Kona,62,Station_174,San Francisco,2024-02-03 11:00,2024-02-03 11:38,12.81,2.59,27.38,29.64,Afternoon,Monday,66.46,68.41,251.2,22.6,1,Level 1,Commuter
805,User_805,Nissan Leaf,75,Station_170,Houston,2024-02-03 12:00,2024-02-03 12:42,8.92,1.56,16.24,8.64,Night,Thursday,16.99,55.83,15.2,9.1,1,Level 1,Long-Distance Traveler
806,User_806,Nissan Leaf,62,Station_246,Chicago,2024-02-03 13:00,2024-02-03 16:05,0.12,1.46,45.58,37.71,Evening,Friday,86.31,77.2,66.4,30.2,2,Level 1,Commuter
807,User_807,Chevy Bolt,62,Station_423,San Francisco,2024-02-03 14:00,2024-02-03 17:04,10.91,1.98,20.99,15.14,Evening,Monday,85.05,65.39,256.6,31.6,5,Level 1,Commuter
808,User_808,Chevy Bolt,75,Station_90,San Francisco,2024-02-03 15:00,2024-02-03 16:20,7.86,3.36,4.83,36.51,Morning,Saturday,81.87,96.13,284.7,23.7,0,Level 1,Commuter
809,User_809,Tesla Model 3,75,Station_49,San Francisco,2024-02-03 16:00,2024-02-03 17:33,70.17,3.83,12.96,13.92,Evening,Wednesday,11.95,52.68,155.7,1.5,3,Level 2,Casual Driver
810,User_810,Hyundai Kona,62,Station_446,New York,2024-02-03 17:00,2024-02-03 18:21,15.19,2.73,13.08,26.15,Morning,Tuesday,11.88,59.53,252.9,37,2,Level 2,Casual Driver
811,User_811,BMW i3,85,Station_294,Chicago,2024-02-03 18:00,2024-02-03 21:58,77.86,0.71,30.14,37.13,Evening,Saturday,63.1,66.61,20.7,0.8,0,Level 1,Long-Distance Traveler
812,User_812,Nissan Leaf,62,Station_407,San Francisco,2024-02-03 19:00,2024-02-03 20:07,37.19,1.23,3.86,17.77,Night,Friday,49.07,85.1,269.1,19.9,0,Level 2,Casual Driver
813,User_813,Tesla Model 3,62,Station_150,Chicago,2024-02-03 20:00,2024-02-03 22:09,25.71,2.31,32.62,29.45,Evening,Sunday,37.09,84.74,190.3,8,5,DC Fast Charger,Casual Driver
814,User_814,Tesla Model 3,50,Station_132,San Francisco,2024-02-03 21:00,2024-02-04 00:42,9.09,2.01,14.09,16.95,Morning,Wednesday,50.01,64.81,278.4,-9,5,Level 2,Long-Distance Traveler
815,User_815,Nissan Leaf,75,Station_433,Houston,2024-02-03 22:00,2024-02-04 00:55,27,3.44,46.41,38.53,Morning,Sunday,88.18,61.44,298.9,8.8,2,DC Fast Charger,Casual Driver
816,User_816,BMW i3,50,Station_59,Houston,2024-02-03 23:00,2024-02-04 02:40,6.66,4.11,10.89,30.9,Evening,Monday,83.28,65.01,0,20.5,6,Level 2,Commuter
817,User_817,Tesla Model 3,100,Station_457,Houston,2024-02-04 00:00,2024-02-04 01:20,53.65,3.41,47.29,14.67,Evening,Saturday,21.46,98.16,292.9,12,2,DC Fast Charger,Commuter
818,User_818,Tesla Model 3,85,Station_324,Los Angeles,2024-02-04 01:00,2024-02-04 03:46,40.66,3.38,49.92,38.45,Morning,Thursday,73.71,55.68,189.6,8.5,0,DC Fast Charger,Commuter
819,User_819,Hyundai Kona,100,Station_199,San Francisco,2024-02-04 02:00,2024-02-04 04:50,71.16,1.2,44.74,23.7,Afternoon,Thursday,48.96,92.57,287.1,3.7,4,Level 1,Casual Driver
820,User_820,BMW i3,85,Station_215,Los Angeles,2024-02-04 03:00,2024-02-04 06:17,16.11,1.06,22.46,25.8,Afternoon,Wednesday,67.72,53.72,75.5,-7.7,4,Level 2,Long-Distance Traveler
821,User_821,Tesla Model 3,48,Station_386,Chicago,2024-02-04 04:00,2024-02-04 05:24,58.91,2.28,23.38,9.75,Evening,Thursday,30.45,52.12,138.9,-8.6,1,Level 1,Casual Driver
822,User_822,BMW i3,100,Station_49,Los Angeles,2024-02-04 05:00,2024-02-04 07:18,8.75,3.14,11.6,5.04,Night,Tuesday,53.36,91.29,49.7,4.9,0,DC Fast Charger,Long-Distance Traveler
823,User_823,Nissan Leaf,100,Station_472,Chicago,2024-02-04 06:00,2024-02-04 09:56,31.89,1.39,39.84,21.15,Evening,Sunday,23.17,56.49,124.7,15.8,4,Level 2,Commuter
824,User_824,Chevy Bolt,50,Station_232,Chicago,2024-02-04 07:00,2024-02-04 10:20,64.04,0.53,46.35,38.26,Night,Wednesday,10.96,99.44,200.6,29.9,0,Level 2,Long-Distance Traveler
825,User_825,Tesla Model 3,100,Station_247,Chicago,2024-02-04 08:00,2024-02-04 09:13,56.05,2.49,19.01,13.47,Evening,Wednesday,37.92,97.56,0,12.4,7,Level 1,Commuter
826,User_826,Hyundai Kona,62,Station_382,Los Angeles,2024-02-04 09:00,2024-02-04 11:19,10.32,2.35,18.57,25.09,Morning,Thursday,86.6,83.45,87.1,33.3,3,Level 2,Casual Driver
827,User_827,Nissan Leaf,100,Station_479,San Francisco,2024-02-04 10:00,2024-02-04 13:45,72.8,3.68,15.44,19.06,Evening,Wednesday,85.32,90.17,172.5,24.2,5,Level 2,Casual Driver
828,User_828,BMW i3,85,Station_239,Los Angeles,2024-02-04 11:00,2024-02-04 14:10,67.89,1.95,30.13,9.41,Night,Monday,32.61,58.44,249.5,16,3,Level 2,Long-Distance Traveler
829,User_829,Nissan Leaf,75,Station_415,San Francisco,2024-02-04 12:00,2024-02-04 15:01,41.25,2.83,32.95,34.56,Night,Friday,18.35,50.6,154.3,3.2,5,DC Fast Charger,Casual Driver
830,User_830,Tesla Model 3,100,Station_367,San Francisco,2024-02-04 13:00,2024-02-04 16:13,35.02,0.92,32.09,8.52,Evening,Saturday,15.99,91.81,120.7,14.6,5,Level 1,Long-Distance Traveler
831,User_831,BMW i3,100,Station_168,Chicago,2024-02-04 14:00,2024-02-04 16:37,54.91,2.04,7.6,32.22,Evening,Friday,40.23,86.3,58,2.8,1,DC Fast Charger,Casual Driver
832,User_832,Chevy Bolt,75,Station_48,Los Angeles,2024-02-04 15:00,2024-02-04 17:14,51.02,3.03,45.8,39.13,Afternoon,Sunday,50.76,61.77,270.6,11,1,Level 1,Casual Driver
833,User_833,Nissan Leaf,12,Station_51,San Francisco,2024-02-04 16:00,2024-02-04 16:39,62.63,0.67,9.04,17.68,Evening,Saturday,14.34,94.94,288.6,47.3,0,DC Fast Charger,Casual Driver
834,User_834,Tesla Model 3,105,Station_299,Houston,2024-02-04 17:00,2024-02-04 19:09,0,1.85,8.13,37.22,Evening,Thursday,45.28,15.72,276.6,-0.3,6,DC Fast Charger,Long-Distance Traveler
835,User_835,Hyundai Kona,62,Station_98,San Francisco,2024-02-04 18:00,2024-02-04 20:57,42.22,2.32,35.75,22.33,Morning,Tuesday,79.82,51.08,258.2,18.6,1,DC Fast Charger,Long-Distance Traveler
836,User_836,BMW i3,141,Station_439,Houston,2024-02-04 19:00,2024-02-04 21:18,60.08,2.08,46.15,17.11,Night,Tuesday,37.69,93.8,221.9,-10.7,6,DC Fast Charger,Long-Distance Traveler
837,User_837,Nissan Leaf,100,Station_216,Los Angeles,2024-02-04 20:00,2024-02-04 22:17,47.2,4.15,43.11,28.56,Afternoon,Thursday,36.35,90.26,85.6,37.6,5,Level 1,Casual Driver
838,User_838,Nissan Leaf,50,Station_177,Los Angeles,2024-02-04 21:00,2024-02-05 00:52,58.56,2.34,18.58,9.84,Morning,Sunday,52.13,62.52,70.4,-2.3,7,Level 2,Commuter
839,User_839,Chevy Bolt,75,Station_380,Los Angeles,2024-02-04 22:00,2024-02-05 00:49,18.53,2.34,6.35,18.27,Evening,Thursday,49.89,52.11,187.6,38.8,1,Level 1,Long-Distance Traveler
840,User_840,Chevy Bolt,75,Station_474,San Francisco,2024-02-04 23:00,2024-02-05 02:39,20.03,1.83,41.62,28.41,Night,Wednesday,20.45,35.97,190.8,25.3,4,Level 2,Commuter
841,User_841,Hyundai Kona,75,Station_80,New York,2024-02-05 00:00,2024-02-05 02:55,61.12,0.86,0,29.08,Evening,Tuesday,68.06,73.87,95.8,1.5,7,Level 1,Long-Distance Traveler
842,User_842,Hyundai Kona,100,Station_185,San Francisco,2024-02-05 01:00,2024-02-05 03:03,48,2.69,39.15,10.68,Evening,Friday,54.79,78.98,292.7,17.6,2,Level 1,Long-Distance Traveler
843,User_843,Tesla Model 3,100,Station_367,San Francisco,2024-02-05 02:00,2024-02-05 03:32,60.7,3.07,8.36,38.67,Evening,Thursday,51.67,69.69,156.6,50.5,6,Level 1,Commuter
844,User_844,Tesla Model 3,50,Station_461,Chicago,2024-02-05 03:00,2024-02-05 04:53,35.84,0.58,8.06,9.08,Evening,Sunday,22.81,94.52,219.1,-9.1,7,Level 1,Commuter
845,User_845,Hyundai Kona,75,Station_399,Chicago,2024-02-05 04:00,2024-02-05 04:54,77.26,2.94,0,28.1,Night,Sunday,52.2,54.65,128.6,18.9,1,DC Fast Charger,Casual Driver
846,User_846,Hyundai Kona,75,Station_27,San Francisco,2024-02-05 05:00,2024-02-05 05:41,44.88,1.68,9.77,9.1,Morning,Friday,62.89,65.65,245.4,23,4,Level 1,Commuter
847,User_847,BMW i3,75,Station_452,Houston,2024-02-05 06:00,2024-02-05 08:58,61.57,3.71,41.32,8.42,Evening,Saturday,17.25,58.88,279.5,-2.2,1,Level 1,Long-Distance Traveler
848,User_848,Chevy Bolt,50,Station_464,Chicago,2024-02-05 07:00,2024-02-05 07:54,24.8,3.82,36.22,14.31,Evening,Friday,20.94,31.8,51.6,23.4,7,Level 2,Commuter
849,User_849,Tesla Model 3,62,Station_448,San Francisco,2024-02-05 08:00,2024-02-05 08:40,73.08,5.95,8.46,37.45,Afternoon,Sunday,36.79,95.09,228.3,-0.4,2,DC Fast Charger,Commuter
850,User_850,Chevy Bolt,85,Station_478,New York,2024-02-05 09:00,2024-02-05 10:33,6.54,1.71,13.42,14,Afternoon,Tuesday,61.58,77.78,0,36.8,2,DC Fast Charger,Commuter
851,User_851,Chevy Bolt,62,Station_492,Houston,2024-02-05 10:00,2024-02-05 13:50,22.57,2.96,25.29,22.22,Night,Saturday,51.55,74.14,49.1,24.4,0,Level 1,Commuter
852,User_852,Hyundai Kona,97,Station_414,Los Angeles,2024-02-05 11:00,2024-02-05 13:35,56.52,3,47.83,38.13,Evening,Friday,58.11,83.74,31.2,69.5,0,Level 1,Casual Driver
853,User_853,BMW i3,75,Station_420,San Francisco,2024-02-05 12:00,2024-02-05 13:19,0,3.1,5.17,14.67,Evening,Wednesday,13.24,59.17,280.3,17.8,1,DC Fast Charger,Long-Distance Traveler
854,User_854,Nissan Leaf,85,Station_195,San Francisco,2024-02-05 13:00,2024-02-05 16:39,76.45,2.27,20.55,11.35,Evening,Wednesday,18.76,62.33,42.6,32.6,3,DC Fast Charger,Long-Distance Traveler
855,User_855,BMW i3,62,Station_214,Houston,2024-02-05 14:00,2024-02-05 15:58,51.49,3.91,35.22,21.38,Night,Tuesday,62.12,81.29,32.5,-4.1,5,Level 1,Long-Distance Traveler
856,User_856,BMW i3,100,Station_369,Chicago,2024-02-05 15:00,2024-02-05 17:08,55.78,1.28,5.59,8.05,Night,Wednesday,50.34,86.23,50.9,15.8,1,Level 1,Casual Driver
857,User_857,Chevy Bolt,62,Station_342,Chicago,2024-02-05 16:00,2024-02-05 18:25,67.78,5.21,9.8,38,Evening,Thursday,79.17,75.99,28.6,-10.7,2,Level 1,Commuter
858,User_858,BMW i3,74,Station_114,Chicago,2024-02-05 17:00,2024-02-05 19:05,37.06,1.68,7.32,38.65,Evening,Saturday,34.22,63.35,23.6,5.7,7,Level 2,Long-Distance Traveler
859,User_859,Tesla Model 3,50,Station_242,Los Angeles,2024-02-05 18:00,2024-02-05 21:26,40.27,2.78,7.68,14.4,Night,Tuesday,25.04,19.57,202.2,7.7,3,DC Fast Charger,Long-Distance Traveler
860,User_860,Chevy Bolt,75,Station_124,Houston,2024-02-05 19:00,2024-02-05 19:43,44.77,0.64,20.59,29.61,Evening,Saturday,64.11,90.55,168.5,24.3,2,Level 2,Commuter
861,User_861,Tesla Model 3,75,Station_305,Houston,2024-02-05 20:00,2024-02-05 20:30,38.21,1.89,35.89,22.23,Morning,Sunday,88.26,73.26,239.3,3.1,6,DC Fast Charger,Long-Distance Traveler
862,User_862,Nissan Leaf,54,Station_76,Chicago,2024-02-05 21:00,2024-02-06 00:58,65.12,2.43,12.31,14.96,Morning,Friday,10.43,107.09,256.2,16.4,7,DC Fast Charger,Commuter
863,User_863,Chevy Bolt,50,Station_311,Chicago,2024-02-05 22:00,2024-02-05 22:54,64,3.45,30.23,29.53,Night,Thursday,25.46,89.74,220.6,38.4,0,DC Fast Charger,Casual Driver
864,User_864,Nissan Leaf,85,Station_469,New York,2024-02-05 23:00,2024-02-06 02:36,5.01,1.01,46.88,24.11,Morning,Tuesday,12.62,93.11,139.9,1.6,1,DC Fast Charger,Long-Distance Traveler
865,User_865,Chevy Bolt,85,Station_312,New York,2024-02-06 00:00,2024-02-06 01:41,49.98,1.44,0,34.37,Afternoon,Friday,60.08,76.74,0,2,3,DC Fast Charger,Long-Distance Traveler
866,User_866,Hyundai Kona,100,Station_196,San Francisco,2024-02-06 01:00,2024-02-06 02:38,0,0.6,0,21.59,Evening,Friday,56.46,119.98,110.2,4.1,0,Level 1,Commuter
867,User_867,BMW i3,62,Station_351,San Francisco,2024-02-06 02:00,2024-02-06 04:42,74.94,1.5,14.43,38.3,Afternoon,Friday,58.89,55.66,22,27.3,4,Level 2,Casual Driver
868,User_868,Hyundai Kona,75,Station_44,Houston,2024-02-06 03:00,2024-02-06 05:14,40.26,1.44,17.95,18.66,Afternoon,Friday,28.84,85.28,61.1,31.6,6,Level 2,Long-Distance Traveler
869,User_869,Nissan Leaf,62,Station_415,Houston,2024-02-06 04:00,2024-02-06 06:56,51.2,1.45,45.19,39.2,Afternoon,Friday,75.56,56.57,129.5,15.6,0,DC Fast Charger,Commuter
870,User_870,BMW i3,85,Station_186,Los Angeles,2024-02-06 05:00,2024-02-06 05:52,54.88,3.04,15.01,31.99,Morning,Tuesday,88.51,94.47,139.5,2.6,5,Level 2,Casual Driver
871,User_871,Chevy Bolt,85,Station_343,Los Angeles,2024-02-06 06:00,2024-02-06 06:38,50.62,3.76,34.85,28.05,Evening,Wednesday,21.38,58.17,0,-7,0,Level 2,Commuter
872,User_872,BMW i3,100,Station_246,New York,2024-02-06 07:00,2024-02-06 09:27,55.66,1.68,30.4,31.64,Evening,Friday,11.01,59.82,179.4,16.1,2,Level 1,Long-Distance Traveler
873,User_873,Tesla Model 3,85,Station_437,San Francisco,2024-02-06 08:00,2024-02-06 10:03,48.76,2.52,34.48,11.65,Night,Sunday,18.66,51.65,182.1,30.6,5,DC Fast Charger,Long-Distance Traveler
874,User_874,BMW i3,85,Station_84,New York,2024-02-06 09:00,2024-02-06 12:27,72.96,2.92,29.99,20.52,Afternoon,Sunday,40.21,62.27,256.3,13,3,Level 1,Long-Distance Traveler
875,User_875,Tesla Model 3,62,Station_207,New York,2024-02-06 10:00,2024-02-06 12:53,58.11,2.57,43.48,36.44,Morning,Thursday,74.64,59.83,293.1,24.1,3,Level 2,Commuter
876,User_876,BMW i3,62,Station_151,San Francisco,2024-02-06 11:00,2024-02-06 12:02,56.52,2.3,12.89,9.43,Afternoon,Tuesday,31.17,68.26,114.2,19.1,1,DC Fast Charger,Casual Driver
877,User_877,Tesla Model 3,100,Station_156,Los Angeles,2024-02-06 12:00,2024-02-06 14:39,0,2.62,47.98,20.98,Afternoon,Monday,42.92,93.85,244.9,9,0,DC Fast Charger,Long-Distance Traveler
878,User_878,Nissan Leaf,26,Station_16,San Francisco,2024-02-06 13:00,2024-02-06 13:43,28.78,0.77,7.45,27.52,Evening,Wednesday,27.24,95,162.5,5.3,7,DC Fast Charger,Long-Distance Traveler
879,User_879,Hyundai Kona,50,Station_165,Chicago,2024-02-06 14:00,2024-02-06 14:30,9.05,1.97,40.91,25.27,Night,Thursday,86.32,82.65,286.8,37,3,DC Fast Charger,Commuter
880,User_880,Chevy Bolt,62,Station_405,Chicago,2024-02-06 15:00,2024-02-06 16:59,51.09,0.95,25.84,7.18,Morning,Sunday,44.7,82.63,121.4,17,0,DC Fast Charger,Long-Distance Traveler
881,User_881,BMW i3,62,Station_463,Chicago,2024-02-06 16:00,2024-02-06 19:35,36.26,2.01,38.15,35.15,Evening,Friday,58.32,67.01,85.4,-0.5,1,DC Fast Charger,Commuter
882,User_882,Hyundai Kona,62,Station_145,Houston,2024-02-06 17:00,2024-02-06 18:58,77.45,3.31,29.41,5.69,Afternoon,Tuesday,80.65,90.09,238.9,2.2,4,Level 1,Long-Distance Traveler
883,User_883,Chevy Bolt,62,Station_498,Los Angeles,2024-02-06 18:00,2024-02-06 20:53,68.22,0.89,14.88,17.27,Evening,Tuesday,38.04,62.46,221.4,1.8,4,Level 1,Casual Driver
884,User_884,Chevy Bolt,100,Station_37,Los Angeles,2024-02-06 19:00,2024-02-06 22:56,57.68,2.88,46.31,33.67,Afternoon,Friday,67.46,64.98,124.1,3.3,0,Level 2,Long-Distance Traveler
885,User_885,Tesla Model 3,89,Station_333,Houston,2024-02-06 20:00,2024-02-06 21:59,20.17,2.45,40.42,37.26,Morning,Sunday,31.56,97.83,96.3,2.8,2,DC Fast Charger,Commuter
886,User_886,Nissan Leaf,100,Station_403,New York,2024-02-06 21:00,2024-02-07 00:24,78.17,2.13,49,37.74,Evening,Thursday,37.68,72.05,214.6,-4.1,1,DC Fast Charger,Long-Distance Traveler
887,User_887,Nissan Leaf,85,Station_414,Chicago,2024-02-06 22:00,2024-02-07 01:21,76.95,3.44,36.81,35.73,Evening,Tuesday,66.79,76.5,36.4,9.3,7,Level 1,Commuter
888,User_888,Hyundai Kona,50,Station_45,Chicago,2024-02-06 23:00,2024-02-07 02:57,62.75,2.07,15.84,33.01,Evening,Saturday,102.58,80.98,0,8.3,1,Level 2,Commuter
889,User_889,Nissan Leaf,85,Station_402,New York,2024-02-07 00:00,2024-02-07 00:43,47.63,1.55,26.01,18.48,Evening,Sunday,18.16,114.53,60,24.2,3,Level 2,Commuter
890,User_890,BMW i3,100,Station_206,San Francisco,2024-02-07 01:00,2024-02-07 04:01,51.74,1.36,26.69,16.05,Evening,Sunday,42.49,93.3,252.9,15.6,3,DC Fast Charger,Casual Driver
891,User_891,Nissan Leaf,75,Station_62,San Francisco,2024-02-07 02:00,2024-02-07 04:20,41.89,3.74,23.02,26.36,Morning,Wednesday,59.32,94.75,88.9,7.8,3,Level 2,Casual Driver
892,User_892,Hyundai Kona,85,Station_420,Los Angeles,2024-02-07 03:00,2024-02-07 06:32,71.96,1.66,39.22,26.31,Night,Thursday,30.7,98.24,263.1,13,7,Level 2,Long-Distance Traveler
893,User_893,Nissan Leaf,100,Station_356,Houston,2024-02-07 04:00,2024-02-07 06:52,39.93,2.71,49.12,20.72,Morning,Sunday,43.61,54.32,327.4,8.7,5,DC Fast Charger,Commuter
894,User_894,BMW i3,85,Station_468,Los Angeles,2024-02-07 05:00,2024-02-07 06:52,30.58,1.01,49.46,22.34,Evening,Friday,12.87,85.48,260.1,19.1,6,DC Fast Charger,Casual Driver
895,User_895,Tesla Model 3,75,Station_308,San Francisco,2024-02-07 06:00,2024-02-07 07:41,73.61,1.38,26.09,25.48,Afternoon,Sunday,65.82,65.55,0,-0.8,1,DC Fast Charger,Commuter
896,User_896,Hyundai Kona,100,Station_19,New York,2024-02-07 07:00,2024-02-07 10:11,14.11,0.94,26.4,13.57,Afternoon,Thursday,38.22,95.65,0,25.2,6,Level 1,Long-Distance Traveler
897,User_897,Tesla Model 3,50,Station_365,Los Angeles,2024-02-07 08:00,2024-02-07 10:39,38.96,2.43,28.44,10.64,Evening,Saturday,73.11,70.34,77.4,-0.2,6,DC Fast Charger,Commuter
898,User_898,Tesla Model 3,62,Station_300,Chicago,2024-02-07 09:00,2024-02-07 09:56,60.72,2.19,18.49,20.47,Night,Sunday,35.27,59.63,84,2.4,0,Level 2,Casual Driver
899,User_899,Tesla Model 3,50,Station_7,Chicago,2024-02-07 10:00,2024-02-07 11:43,79.28,3.89,21.28,38.07,Evening,Thursday,69.27,57.64,11.6,38,2,Level 1,Casual Driver
900,User_900,Chevy Bolt,100,Station_249,New York,2024-02-07 11:00,2024-02-07 13:08,30.28,1.79,9.9,15.67,Morning,Sunday,89.57,60.3,214.5,31.6,4,Level 2,Commuter
901,User_901,Chevy Bolt,50,Station_428,San Francisco,2024-02-07 12:00,2024-02-07 13:41,0,1.63,0,13.49,Night,Monday,60.9,80.19,191.7,-5.8,2,Level 1,Commuter
902,User_902,Tesla Model 3,85,Station_117,Chicago,2024-02-07 13:00,2024-02-07 13:52,50.92,2.75,43.41,30.01,Night,Friday,15.91,82.34,120.9,12.5,4,DC Fast Charger,Commuter
903,User_903,Hyundai Kona,100,Station_68,Chicago,2024-02-07 14:00,2024-02-07 15:37,58.92,2.2,33.53,18.01,Morning,Wednesday,40.21,58.33,95.6,4.8,2,Level 2,Commuter
904,User_904,BMW i3,50,Station_34,Houston,2024-02-07 15:00,2024-02-07 17:51,6.27,5.67,0,7.74,Night,Friday,65.99,140.38,151.1,25.1,1,Level 1,Commuter
905,User_905,BMW i3,85,Station_194,Los Angeles,2024-02-07 16:00,2024-02-07 19:40,13.09,0.75,31.91,26.6,Evening,Monday,54.26,53.8,272.2,14.5,4,Level 2,Commuter
906,User_906,Nissan Leaf,50,Station_325,San Francisco,2024-02-07 17:00,2024-02-07 19:26,31.1,0.99,40.14,19.36,Evening,Friday,55.59,99.51,10.9,13.8,0,DC Fast Charger,Long-Distance Traveler
907,User_907,Hyundai Kona,44,Station_55,Los Angeles,2024-02-07 18:00,2024-02-07 20:15,0,2.3,21.69,8.6,Afternoon,Friday,46.2,85.31,0,26.4,2,Level 1,Long-Distance Traveler
908,User_908,Chevy Bolt,75,Station_266,San Francisco,2024-02-07 19:00,2024-02-07 21:02,27.69,1.4,47.33,7.23,Morning,Wednesday,27.04,65.83,32.8,19.3,6,Level 2,Casual Driver
909,User_909,Tesla Model 3,100,Station_480,Chicago,2024-02-07 20:00,2024-02-07 21:34,50.51,2.23,19.09,11.06,Night,Monday,12.87,50.66,121.1,29.3,2,Level 1,Commuter
910,User_910,Nissan Leaf,62,Station_42,Houston,2024-02-07 21:00,2024-02-07 22:37,20.85,1.5,26.58,15.77,Night,Friday,61.83,85.04,139.4,-2.4,4,DC Fast Charger,Long-Distance Traveler
911,User_911,BMW i3,100,Station_297,Los Angeles,2024-02-07 22:00,2024-02-08 00:37,45.62,0.91,36.53,36.95,Night,Saturday,55.56,94,0,33.5,6,Level 1,Commuter
912,User_912,Chevy Bolt,58,Station_461,Chicago,2024-02-07 23:00,2024-02-08 00:32,39.69,1.4,4.32,13.12,Evening,Sunday,37.05,86.27,103.8,4.3,6,Level 1,Casual Driver
913,User_913,Chevy Bolt,50,Station_231,San Francisco,2024-02-08 00:00,2024-02-08 02:22,6.82,3.06,17.69,22.37,Morning,Friday,21.39,50.86,244.4,37.5,3,Level 2,Long-Distance Traveler
914,User_914,Tesla Model 3,50,Station_453,Los Angeles,2024-02-08 01:00,2024-02-08 02:59,55.17,2.29,8.4,10.73,Evening,Tuesday,40.12,67.16,186.4,34.6,7,Level 1,Commuter
915,User_915,BMW i3,101,Station_378,Los Angeles,2024-02-08 02:00,2024-02-08 03:50,152.24,0.71,36.09,32.59,Night,Friday,13.8,58.93,145.2,39.5,5,DC Fast Charger,Commuter
916,User_916,Hyundai Kona,85,Station_394,Chicago,2024-02-08 03:00,2024-02-08 05:12,60.29,1.85,51.36,34.59,Evening,Wednesday,78.96,69.48,113.4,41.9,4,Level 2,Commuter
917,User_917,Chevy Bolt,76,Station_10,Los Angeles,2024-02-08 04:00,2024-02-08 07:41,16.38,0.86,33.3,13.8,Night,Tuesday,70.55,76.78,193.4,3.3,0,Level 1,Commuter
918,User_918,Tesla Model 3,50,Station_358,Houston,2024-02-08 05:00,2024-02-08 08:09,37.61,3.44,21.07,32.78,Night,Saturday,30.6,101.91,14.9,38.3,1,DC Fast Charger,Commuter
919,User_919,Hyundai Kona,100,Station_475,Houston,2024-02-08 06:00,2024-02-08 08:25,38.01,2.83,6.59,7.78,Evening,Sunday,48.29,98.25,233.2,-4.1,1,DC Fast Charger,Commuter
920,User_920,BMW i3,75,Station_444,Chicago,2024-02-08 07:00,2024-02-08 10:56,51.89,1.85,29.9,13.05,Night,Saturday,15.75,57.05,74.5,33.4,3,Level 1,Casual Driver
921,User_921,Chevy Bolt,62,Station_128,San Francisco,2024-02-08 08:00,2024-02-08 08:42,9.89,1.61,40.44,19.35,Evening,Saturday,14.65,62.33,20,20,0,Level 1,Commuter
922,User_922,Hyundai Kona,75,Station_179,Chicago,2024-02-08 09:00,2024-02-08 12:43,73.63,0.96,40.54,27.4,Afternoon,Monday,25.6,50.36,0,19.8,3,Level 2,Commuter
923,User_923,Hyundai Kona,62,Station_405,Houston,2024-02-08 10:00,2024-02-08 12:33,10.34,3.71,0,31.69,Evening,Saturday,32.99,84.17,47.5,5.2,7,DC Fast Charger,Long-Distance Traveler
924,User_924,Hyundai Kona,62,Station_392,New York,2024-02-08 11:00,2024-02-08 13:56,69.11,1.26,27.38,20.79,Afternoon,Thursday,20.57,63.35,217.3,41.3,7,DC Fast Charger,Commuter
925,User_925,Chevy Bolt,75,Station_193,New York,2024-02-08 12:00,2024-02-08 15:01,18.31,6.77,23.92,31.25,Afternoon,Wednesday,14.15,82.2,226.7,13.6,7,DC Fast Charger,Commuter
926,User_926,Chevy Bolt,75,Station_92,Los Angeles,2024-02-08 13:00,2024-02-08 14:57,41.74,2.61,11.14,16.29,Evening,Monday,26.09,66.72,166.8,19.8,6,Level 1,Long-Distance Traveler
927,User_927,Nissan Leaf,100,Station_369,Los Angeles,2024-02-08 14:00,2024-02-08 14:40,0,2.1,25.34,37.42,Morning,Tuesday,67.27,91.48,102.6,18.7,6,Level 1,Long-Distance Traveler
928,User_928,BMW i3,75,Station_231,New York,2024-02-08 15:00,2024-02-08 18:36,39.15,1.32,9.94,29.7,Morning,Thursday,14.67,60.12,232.8,32.1,4,Level 1,Commuter
929,User_929,Tesla Model 3,75,Station_78,Houston,2024-02-08 16:00,2024-02-08 16:44,37.12,0.56,8.69,15.12,Evening,Monday,39.8,91.68,18.9,-0.5,5,Level 2,Casual Driver
930,User_930,Hyundai Kona,100,Station_85,Los Angeles,2024-02-08 17:00,2024-02-08 17:39,35.35,2.11,20,60.4,Evening,Wednesday,21.96,69.3,82,-7.3,2,DC Fast Charger,Long-Distance Traveler
931,User_931,Nissan Leaf,62,Station_30,Chicago,2024-02-08 18:00,2024-02-08 19:10,18.03,2.76,20.38,19.46,Night,Tuesday,58.41,146.85,245.7,4.3,5,DC Fast Charger,Long-Distance Traveler
932,User_932,Tesla Model 3,143,Station_213,Chicago,2024-02-08 19:00,2024-02-08 22:04,0,2.4,13.48,40.21,Night,Wednesday,33.29,62.65,144.8,-3.7,0,Level 1,Commuter
933,User_933,Nissan Leaf,50,Station_49,Houston,2024-02-08 20:00,2024-02-08 23:37,45.66,2.51,40.68,31.63,Evening,Wednesday,67.91,65.24,168.8,22.7,6,Level 2,Long-Distance Traveler
934,User_934,Chevy Bolt,75,Station_265,Los Angeles,2024-02-08 21:00,2024-02-08 22:42,37.97,1.74,4.28,12.13,Morning,Tuesday,35.8,64.91,299.8,18.3,1,Level 2,Commuter
935,User_935,Hyundai Kona,75,Station_145,Chicago,2024-02-08 22:00,2024-02-08 23:21,45.39,2.09,10.27,32.86,Night,Saturday,87.41,87.13,92.6,6,3,Level 2,Casual Driver
936,User_936,Tesla Model 3,50,Station_69,Los Angeles,2024-02-08 23:00,2024-02-09 01:37,29.98,0.66,7.85,24.38,Night,Friday,45.77,71.42,96.1,-0.6,6,Level 2,Casual Driver
937,User_937,Tesla Model 3,62,Station_58,Los Angeles,2024-02-09 00:00,2024-02-09 00:57,6.01,2.34,35.13,30.04,Morning,Wednesday,23.71,58.83,191.9,4.8,7,Level 2,Commuter
938,User_938,Tesla Model 3,50,Station_185,Chicago,2024-02-09 01:00,2024-02-09 02:34,6.62,2.7,19.76,26.55,Evening,Saturday,24.96,68.64,174.8,28.6,7,Level 1,Casual Driver
939,User_939,Tesla Model 3,100,Station_62,New York,2024-02-09 02:00,2024-02-09 02:46,11.43,1.94,67.93,16.14,Morning,Sunday,12.43,91.49,166.6,21.3,0,Level 1,Commuter
940,User_940,Tesla Model 3,7,Station_479,Chicago,2024-02-09 03:00,2024-02-09 05:04,78.94,2.76,16.98,7.87,Afternoon,Tuesday,21.53,54.86,135.6,-9.4,2,Level 1,Long-Distance Traveler
941,User_941,Nissan Leaf,50,Station_308,Houston,2024-02-09 04:00,2024-02-09 07:21,58.74,2.91,19.94,20.61,Night,Wednesday,19.43,59.52,46.4,0,6,DC Fast Charger,Long-Distance Traveler
942,User_942,Hyundai Kona,62,Station_445,San Francisco,2024-02-09 05:00,2024-02-09 07:47,68.83,1.62,0,39.38,Night,Friday,19.29,58.57,137.2,32.8,6,Level 2,Commuter
943,User_943,Chevy Bolt,75,Station_296,Chicago,2024-02-09 06:00,2024-02-09 07:32,59.22,1.6,41.43,33.6,Night,Sunday,42.3,56.84,223,20.4,7,Level 2,Commuter
944,User_944,Chevy Bolt,75,Station_166,Los Angeles,2024-02-09 07:00,2024-02-09 10:59,40.86,2.54,6.5,35.75,Morning,Tuesday,13.96,64.56,34,3.3,1,DC Fast Charger,Long-Distance Traveler
945,User_945,Chevy Bolt,62,Station_171,Los Angeles,2024-02-09 08:00,2024-02-09 11:24,56.07,3.59,47.96,37.31,Morning,Monday,38.27,40.63,219.2,-5.2,4,Level 2,Commuter
946,User_946,Chevy Bolt,62,Station_63,Chicago,2024-02-09 09:00,2024-02-09 10:07,78.24,3.82,16.39,17.73,Evening,Monday,75.68,85.29,46.8,37.9,6,Level 2,Long-Distance Traveler
947,User_947,Nissan Leaf,50,Station_147,San Francisco,2024-02-09 10:00,2024-02-09 11:39,17.47,0.83,25.79,13.85,Night,Saturday,64,93.61,167.7,9.5,5,Level 2,Commuter
948,User_948,BMW i3,75,Station_484,Chicago,2024-02-09 11:00,2024-02-09 13:13,26.22,1.11,29.54,33.15,Afternoon,Monday,45.55,63.63,30.2,35.5,0,Level 2,Long-Distance Traveler
949,User_949,Hyundai Kona,50,Station_306,San Francisco,2024-02-09 12:00,2024-02-09 15:53,70.1,3.62,11.68,15.92,Evening,Thursday,55.57,60.12,165.1,-5.4,5,Level 2,Casual Driver
950,User_950,Tesla Model 3,100,Station_161,San Francisco,2024-02-09 13:00,2024-02-09 14:22,55.41,3.84,29.6,33.46,Morning,Wednesday,16.38,86.68,125.6,5.2,7,Level 1,Casual Driver
951,User_951,BMW i3,62,Station_141,Houston,2024-02-09 14:00,2024-02-09 17:55,33.47,3.3,43.48,33.64,Afternoon,Wednesday,76.46,81.41,27.8,8.7,6,Level 2,Long-Distance Traveler
952,User_952,Chevy Bolt,50,Station_334,Los Angeles,2024-02-09 15:00,2024-02-09 18:21,53.58,0.83,27.33,37.02,Evening,Tuesday,18.33,83.75,273.1,5.6,0,Level 1,Long-Distance Traveler
953,User_953,BMW i3,94,Station_97,Los Angeles,2024-02-09 16:00,2024-02-09 18:28,11.29,2.39,6.34,16.39,Morning,Thursday,81.48,83.17,184.1,23.2,4,Level 1,Long-Distance Traveler
954,User_954,Hyundai Kona,85,Station_446,San Francisco,2024-02-09 17:00,2024-02-09 18:43,6.27,1.08,14.86,11.24,Afternoon,Wednesday,12.44,64.04,195.2,2.9,3,Level 1,Long-Distance Traveler
955,User_955,Tesla Model 3,75,Station_221,Los Angeles,2024-02-09 18:00,2024-02-09 19:23,42.95,1.61,9.87,16.53,Evening,Tuesday,61.35,77.19,40.7,3.7,2,Level 1,Long-Distance Traveler
956,User_956,Tesla Model 3,75,Station_43,New York,2024-02-09 19:00,2024-02-09 19:49,43.24,3.2,13.11,26.87,Afternoon,Friday,27.78,52.5,187.4,20,7,DC Fast Charger,Casual Driver
957,User_957,Hyundai Kona,141,Station_433,San Francisco,2024-02-09 20:00,2024-02-09 21:48,12.44,2.92,41.67,18.8,Morning,Wednesday,35.47,85.9,168.2,-9.1,5,Level 1,Long-Distance Traveler
958,User_958,Hyundai Kona,100,Station_292,Los Angeles,2024-02-09 21:00,2024-02-09 22:00,29.18,3.1,5.37,31.67,Evening,Saturday,59.86,58.87,247.4,9,3,DC Fast Charger,Commuter
959,User_959,Chevy Bolt,100,Station_378,New York,2024-02-09 22:00,2024-02-10 00:44,74.18,1.07,19.44,22.26,Morning,Wednesday,76.2,93.65,119.3,26.7,6,DC Fast Charger,Casual Driver
960,User_960,Tesla Model 3,100,Station_108,Houston,2024-02-09 23:00,2024-02-10 00:27,72.09,2.5,7.49,20.29,Night,Friday,22.9,94.21,87.7,3.9,4,Level 1,Long-Distance Traveler
961,User_961,BMW i3,75,Station_266,Los Angeles,2024-02-10 00:00,2024-02-10 02:14,25.33,1.74,29.15,16.59,Night,Friday,17.4,70.37,32.9,6.3,3,Level 2,Commuter
962,User_962,Nissan Leaf,85,Station_95,New York,2024-02-10 01:00,2024-02-10 01:39,58.51,1.61,19.9,30.09,Afternoon,Wednesday,74.91,80.23,111.5,21.8,4,Level 2,Casual Driver
963,User_963,Nissan Leaf,85,Station_262,Chicago,2024-02-10 02:00,2024-02-10 02:39,76.58,1.81,28.36,9.01,Night,Friday,68.53,65.88,196.8,28.2,2,Level 1,Commuter
964,User_964,Hyundai Kona,75,Station_313,Chicago,2024-02-10 03:00,2024-02-10 04:08,32.02,1.29,37.87,22.47,Morning,Tuesday,70.43,87.67,106,-2.5,5,Level 1,Long-Distance Traveler
965,User_965,Chevy Bolt,100,Station_385,New York,2024-02-10 04:00,2024-02-10 07:05,63.43,2.75,18.59,19.85,Afternoon,Wednesday,81.92,90.06,0,-0.7,6,DC Fast Charger,Commuter
966,User_966,Nissan Leaf,78,Station_71,San Francisco,2024-02-10 05:00,2024-02-10 08:07,8.26,0.93,39.04,14.44,Evening,Wednesday,65.25,98.51,0,-3.2,4,DC Fast Charger,Commuter
967,User_967,Tesla Model 3,62,Station_442,San Francisco,2024-02-10 06:00,2024-02-10 07:06,65.03,2.24,38.78,22.16,Morning,Monday,61.33,66.03,185.2,-4.9,3,Level 2,Casual Driver
968,User_968,Hyundai Kona,85,Station_219,Los Angeles,2024-02-10 07:00,2024-02-10 09:28,39.19,2.73,19.26,27.63,Evening,Saturday,16.99,86.18,85.4,32.8,5,DC Fast Charger,Commuter
969,User_969,BMW i3,100,Station_21,Chicago,2024-02-10 08:00,2024-02-10 09:36,79.36,3.37,12.8,17.5,Evening,Wednesday,28.93,89.16,222.2,24.9,7,DC Fast Charger,Commuter
970,User_970,Hyundai Kona,62,Station_92,San Francisco,2024-02-10 09:00,2024-02-10 10:12,76.66,4.19,14.23,37.13,Evening,Sunday,35.73,84.33,284.3,26.6,0,Level 1,Casual Driver
971,User_971,BMW i3,50,Station_127,San Francisco,2024-02-10 10:00,2024-02-10 13:56,54.32,3.68,34.09,34.42,Evening,Monday,11.57,82.6,119,-4.2,5,DC Fast Charger,Long-Distance Traveler
972,User_972,Hyundai Kona,50,Station_80,Chicago,2024-02-10 11:00,2024-02-10 12:21,31.55,3.33,38.11,36.81,Morning,Friday,78.98,89.78,0,46.8,3,DC Fast Charger,Commuter
973,User_973,Hyundai Kona,50,Station_312,Houston,2024-02-10 12:00,2024-02-10 14:10,45.81,3.44,17.35,7.4,Night,Saturday,68.43,86.8,235.8,28.4,0,DC Fast Charger,Long-Distance Traveler
974,User_974,Hyundai Kona,100,Station_238,San Francisco,2024-02-10 13:00,2024-02-10 14:25,60.39,3.46,8.66,25.99,Morning,Saturday,64.08,83.38,225.2,22.6,6,Level 2,Casual Driver
975,User_975,BMW i3,100,Station_471,New York,2024-02-10 14:00,2024-02-10 15:45,32.6,2.39,41.22,38.59,Night,Friday,59.29,75.73,240.3,37.1,6,Level 1,Long-Distance Traveler
976,User_976,BMW i3,100,Station_372,Los Angeles,2024-02-10 15:00,2024-02-10 16:37,0.05,2.04,5.44,29.97,Evening,Tuesday,60.18,84.3,272.9,-0.1,4,Level 2,Commuter
977,User_977,Hyundai Kona,102,Station_404,San Francisco,2024-02-10 16:00,2024-02-10 18:46,53.4,3.24,40.58,21.94,Night,Monday,33.83,95.04,145.8,27.9,4,Level 1,Commuter
978,User_978,Nissan Leaf,62,Station_486,San Francisco,2024-02-10 17:00,2024-02-10 19:15,73.45,3.64,15.42,14.89,Evening,Wednesday,17.43,87.44,184,37.3,4,Level 1,Long-Distance Traveler
979,User_979,Chevy Bolt,62,Station_182,Houston,2024-02-10 18:00,2024-02-10 20:34,75.52,3.33,24.89,10.1,Afternoon,Monday,82.54,70.7,125.5,0.6,2,DC Fast Charger,Long-Distance Traveler
980,User_980,Chevy Bolt,75,Station_25,New York,2024-02-10 19:00,2024-02-10 21:01,0,2.55,47.55,30.98,Evening,Friday,11.93,96.69,293.3,-7.8,2,Level 2,Commuter
981,User_981,Chevy Bolt,50,Station_156,Los Angeles,2024-02-10 20:00,2024-02-10 20:52,65.04,3.46,25.89,6.82,Night,Friday,20.32,72.49,229.8,20.2,7,Level 2,Casual Driver
982,User_982,BMW i3,85,Station_5,San Francisco,2024-02-10 21:00,2024-02-11 00:40,63.99,3.27,42.39,34.01,Afternoon,Sunday,38.33,77.07,191.8,21.3,6,DC Fast Charger,Commuter
983,User_983,BMW i3,104,Station_120,Los Angeles,2024-02-10 22:00,2024-02-11 00:18,65.93,3.3,38.54,11.9,Afternoon,Tuesday,19.68,54.41,38.5,-9.6,7,Level 2,Commuter
984,User_984,Nissan Leaf,75,Station_277,Chicago,2024-02-10 23:00,2024-02-11 00:30,26.76,0.17,6.24,9.58,Evening,Saturday,66.79,91.05,77.2,23.1,2,Level 1,Long-Distance Traveler
985,User_985,Chevy Bolt,62,Station_18,San Francisco,2024-02-11 00:00,2024-02-11 03:17,8.82,3.39,0,22.21,Morning,Saturday,48.19,50.22,78.6,7.7,2,Level 1,Commuter
986,User_986,Chevy Bolt,100,Station_431,San Francisco,2024-02-11 01:00,2024-02-11 02:13,73.78,3.81,46.81,13.47,Night,Friday,87.32,50.13,16.7,36.7,6,Level 1,Long-Distance Traveler
987,User_987,Hyundai Kona,62,Station_198,Chicago,2024-02-11 02:00,2024-02-11 05:01,26.51,3.15,28.53,10.13,Afternoon,Monday,65.58,76.29,292.3,14.4,0,DC Fast Charger,Casual Driver
988,User_988,BMW i3,100,Station_57,Houston,2024-02-11 03:00,2024-02-11 06:28,77.64,3.58,8.13,33.52,Morning,Saturday,23.24,94.69,67,-3.4,7,Level 2,Commuter
989,User_989,Chevy Bolt,100,Station_93,San Francisco,2024-02-11 04:00,2024-02-11 07:35,78.13,3.37,3.98,9.49,Evening,Sunday,57.11,66.24,115,13.3,11,Level 1,Casual Driver
990,User_990,Nissan Leaf,92,Station_19,Los Angeles,2024-02-11 05:00,2024-02-11 08:10,5.6,3.25,16.32,30.15,Evening,Sunday,43.65,58.45,54.3,-0.7,3,DC Fast Charger,Casual Driver
991,User_991,Nissan Leaf,85,Station_384,New York,2024-02-11 06:00,2024-02-11 06:45,20.09,1.15,46.35,22.7,Evening,Wednesday,18.7,97.36,68.6,28.7,3,Level 1,Commuter
992,User_992,Chevy Bolt,100,Station_353,Los Angeles,2024-02-11 07:00,2024-02-11 07:51,40.28,1.22,3.83,20.63,Evening,Wednesday,89.21,82.22,23.2,22.8,7,Level 1,Long-Distance Traveler
993,User_993,BMW i3,75,Station_193,Houston,2024-02-11 08:00,2024-02-11 09:26,53.96,3.74,17.87,14.89,Night,Monday,89.98,95.04,17.1,6.8,2,Level 2,Long-Distance Traveler
994,User_994,Nissan Leaf,62,Station_237,New York,2024-02-11 09:00,2024-02-11 10:31,60.61,3.07,20.92,12.51,Afternoon,Tuesday,54.47,78.51,103.5,32.5,4,DC Fast Charger,Commuter
995,User_995,Hyundai Kona,75,Station_387,Los Angeles,2024-02-11 10:00,2024-02-11 12:16,63.31,3.8,6.45,25.09,Night,Wednesday,85,59.29,170.1,27.6,5,Level 1,Long-Distance Traveler
996,User_996,Nissan Leaf,75,Station_426,Los Angeles,2024-02-11 11:00,2024-02-11 14:59,38.61,0.87,33.68,33.72,Afternoon,Monday,33.75,70.86,223.3,-2.8,5,Level 1,Long-Distance Traveler
997,User_997,Tesla Model 3,62,Station_277,Chicago,2024-02-11 12:00,2024-02-11 13:40,65.61,3.94,7.33,21.66,Morning,Monday,17.41,91.3,81,1.8,5,DC Fast Charger,Casual Driver
998,User_998,Tesla Model 3,85,Station_227,Houston,2024-02-11 13:00,2024-02-11 14:59,46.62,1.56,7.39,16.71,Morning,Friday,70.09,59.04,210.7,-0.5,5,DC Fast Charger,Long-Distance Traveler
999,User_999,BMW i3,189,Station_233,Chicago,2024-02-11 14:00,2024-02-11 15:41,49.36,1.23,2.25,25.57,Afternoon,Saturday,33.05,53.87,60,-6.6,1,Level 2,Long-Distance Traveler
1000,User_1000,Chevy Bolt,100,Station_40,New York,2024-02-11 15:00,2024-02-11 16:39,24.87,0.93,11.44,19.97,Evening,Friday,33.95,58.14,60.8,7.9,7,Level 1,Commuter
1001,User_1001,BMW i3,62,Station_323,Chicago,2024-02-11 16:00,2024-02-11 16:59,54.36,1.93,36.36,26.48,Morning,Saturday,46.39,77.34,294.5,31.5,7,Level 2,Casual Driver
1002,User_1002,BMW i3,50,Station_153,Houston,2024-02-11 17:00,2024-02-11 19:12,6.44,2.63,14.99,8.86,Night,Tuesday,81.6,84.93,11.7,-4.3,7,Level 1,Long-Distance Traveler
1003,User_1003,BMW i3,75,Station_127,San Francisco,2024-02-11 18:00,2024-02-11 21:00,28.22,2.41,23.69,26.55,Afternoon,Tuesday,18.52,86.58,293.6,28.8,1,Level 2,Commuter
1004,User_1004,BMW i3,75,Station_237,San Francisco,2024-02-11 19:00,2024-02-11 20:01,42.29,2.71,19.17,12.96,Morning,Tuesday,89.04,98.83,52.4,37.9,5,Level 1,Long-Distance Traveler
1005,User_1005,Hyundai Kona,85,Station_486,New York,2024-02-11 20:00,2024-02-11 21:55,76.17,1.51,28.59,17.68,Afternoon,Monday,56.07,93.04,369.9,18,0,DC Fast Charger,Casual Driver
1006,User_1006,Hyundai Kona,75,Station_493,San Francisco,2024-02-11 21:00,2024-02-11 22:26,35,0.79,20.39,8.16,Evening,Monday,68.92,67.95,283,36.2,3,Level 2,Casual Driver
1007,User_1007,Nissan Leaf,75,Station_55,Chicago,2024-02-11 22:00,2024-02-12 00:18,26.51,2.19,0,24.69,Afternoon,Friday,69.67,79.5,14.4,3.5,2,DC Fast Charger,Casual Driver
1008,User_1008,Tesla Model 3,50,Station_468,New York,2024-02-11 23:00,2024-02-11 23:38,34.96,1.68,12.03,9.96,Morning,Wednesday,65.09,78.38,262.1,4.9,1,Level 1,Casual Driver
1009,User_1009,BMW i3,50,Station_436,Houston,2024-02-12 00:00,2024-02-12 01:00,62.05,0.92,18.56,37.55,Afternoon,Sunday,88.39,77.93,43,-1,5,DC Fast Charger,Casual Driver
1010,User_1010,Nissan Leaf,50,Station_172,New York,2024-02-12 01:00,2024-02-12 02:40,69.87,2.01,16.51,6.59,Morning,Saturday,40.28,72.01,245.1,2.8,4,Level 2,Casual Driver
1011,User_1011,Tesla Model 3,100,Station_109,New York,2024-02-12 02:00,2024-02-12 04:46,10.43,3.31,31.39,38.61,Morning,Saturday,47.66,72.19,227.1,5.4,7,Level 2,Commuter
1012,User_1012,Chevy Bolt,50,Station_354,Los Angeles,2024-02-12 03:00,2024-02-12 03:42,46.54,3.43,7.2,34.71,Morning,Tuesday,78.59,82.78,150.7,29.4,3,DC Fast Charger,Casual Driver
1013,User_1013,Hyundai Kona,50,Station_469,Los Angeles,2024-02-12 04:00,2024-02-12 07:35,53.21,3.95,47.63,33.42,Night,Saturday,82.9,91.6,146.7,11.4,2,Level 1,Long-Distance Traveler
1014,User_1014,Tesla Model 3,62,Station_184,New York,2024-02-12 05:00,2024-02-12 07:40,0,1.09,43.49,21.47,Evening,Thursday,30.43,87.88,271.7,-9.6,4,Level 2,Long-Distance Traveler
1015,User_1015,Chevy Bolt,50,Station_439,San Francisco,2024-02-12 06:00,2024-02-12 07:04,26.97,2.74,15.82,28.82,Evening,Tuesday,71.88,94.01,114.8,39.8,6,Level 1,Long-Distance Traveler
1016,User_1016,Tesla Model 3,62,Station_368,Los Angeles,2024-02-12 07:00,2024-02-12 07:50,68.52,2.36,48.59,33,Afternoon,Sunday,68.46,92.97,77.7,-2.3,2,Level 2,Long-Distance Traveler
1017,User_1017,Hyundai Kona,100,Station_471,Houston,2024-02-12 08:00,2024-02-12 09:33,71.71,5.44,38.8,37.1,Afternoon,Saturday,12.22,77.41,181.1,2.6,7,Level 1,Casual Driver
1018,User_1018,Hyundai Kona,50,Station_198,Chicago,2024-02-12 09:00,2024-02-12 11:04,79.25,1.77,33.01,13.89,Morning,Friday,51.38,73.61,252.8,12.5,1,Level 1,Casual Driver
1019,User_1019,Nissan Leaf,158,Station_371,Los Angeles,2024-02-12 10:00,2024-02-12 13:29,34.15,3.98,48.77,13.08,Evening,Saturday,33.91,92.75,257.5,19.7,5,DC Fast Charger,Commuter
1020,User_1020,BMW i3,86,Station_373,New York,2024-02-12 11:00,2024-02-12 12:03,66.71,2.83,25.29,9.16,Afternoon,Monday,44.01,99.69,142.1,31.5,6,Level 1,Casual Driver
1021,User_1021,Tesla Model 3,62,Station_461,San Francisco,2024-02-12 12:00,2024-02-12 14:30,30.77,3.1,49.75,13.85,Afternoon,Friday,2.48,83.48,234.7,12.8,1,Level 2,Long-Distance Traveler
1022,User_1022,Tesla Model 3,50,Station_497,Chicago,2024-02-12 13:00,2024-02-12 16:12,24.16,2.3,4.78,13.9,Evening,Friday,47.69,75.97,289.8,23.4,0,DC Fast Charger,Commuter
1023,User_1023,Chevy Bolt,62,Station_87,Los Angeles,2024-02-12 14:00,2024-02-12 14:44,10.35,3.32,9.39,39.78,Morning,Friday,42.66,79.51,40.1,37.5,7,Level 2,Commuter
1024,User_1024,Hyundai Kona,62,Station_201,San Francisco,2024-02-12 15:00,2024-02-12 17:29,26.3,3.58,49.89,9.56,Afternoon,Thursday,52.3,71.44,97.8,31.4,3,DC Fast Charger,Commuter
1025,User_1025,Tesla Model 3,85,Station_337,San Francisco,2024-02-12 16:00,2024-02-12 18:05,26.73,0.67,12.95,26.76,Morning,Thursday,83.74,88.15,131.4,-4.6,1,DC Fast Charger,Commuter
1026,User_1026,Hyundai Kona,50,Station_322,San Francisco,2024-02-12 17:00,2024-02-12 17:35,48.61,3.69,22.07,31.5,Evening,Saturday,82.44,23.04,50.1,11.9,0,Level 1,Casual Driver
1027,User_1027,Tesla Model 3,85,Station_275,New York,2024-02-12 18:00,2024-02-12 20:18,1.33,1.34,23.29,11.81,Evening,Tuesday,86.16,89.97,324.5,-3.9,0,Level 1,Commuter
1028,User_1028,Nissan Leaf,85,Station_211,Houston,2024-02-12 19:00,2024-02-12 21:06,44.02,1.32,38.11,32.94,Afternoon,Saturday,73.35,78.16,78.1,5.9,5,Level 2,Casual Driver
1029,User_1029,BMW i3,85,Station_391,San Francisco,2024-02-12 20:00,2024-02-12 21:01,18.43,1.62,22.32,10.41,Afternoon,Saturday,53.52,95.65,104.4,30.5,2,Level 2,Commuter
1030,User_1030,Tesla Model 3,62,Station_118,Chicago,2024-02-12 21:00,2024-02-13 00:29,37.7,2.73,34.72,24.67,Evening,Saturday,46.56,52.46,274.5,6.7,5,Level 1,Casual Driver
1031,User_1031,Hyundai Kona,100,Station_191,Los Angeles,2024-02-12 22:00,2024-02-12 23:52,56.2,0.18,40.72,19.62,Morning,Sunday,56.03,65.41,39.7,34.1,1,Level 2,Casual Driver
1032,User_1032,Nissan Leaf,85,Station_42,Chicago,2024-02-12 23:00,2024-02-13 02:05,73.28,1.49,23.32,23.61,Morning,Monday,78.6,21.88,0,31.1,7,Level 2,Long-Distance Traveler
1033,User_1033,Tesla Model 3,100,Station_42,New York,2024-02-13 00:00,2024-02-13 02:27,76.89,7.64,10.45,39.79,Night,Friday,7.17,101.84,226.4,32.9,2,Level 1,Casual Driver
1034,User_1034,Chevy Bolt,75,Station_315,New York,2024-02-13 01:00,2024-02-13 04:41,23.93,1.63,42.93,21.83,Evening,Wednesday,69.67,52.64,219.8,38.3,1,DC Fast Charger,Commuter
1035,User_1035,BMW i3,50,Station_276,Chicago,2024-02-13 02:00,2024-02-13 03:48,50.49,0.72,42.79,15.84,Afternoon,Sunday,65.94,62.64,221.6,29.6,0,Level 1,Commuter
1036,User_1036,Tesla Model 3,61,Station_329,Houston,2024-02-13 03:00,2024-02-13 04:47,66.09,1.27,37.6,14.81,Evening,Tuesday,42.3,70.73,167.7,10,2,Level 2,Casual Driver
1037,User_1037,Nissan Leaf,62,Station_17,New York,2024-02-13 04:00,2024-02-13 06:56,6.92,5.51,49.06,9.21,Afternoon,Tuesday,24.67,70.79,196.3,26.2,1,DC Fast Charger,Casual Driver
1038,User_1038,Chevy Bolt,100,Station_283,New York,2024-02-13 05:00,2024-02-13 07:16,0,1.58,46.92,23.95,Morning,Friday,65.79,63.29,161.6,1,3,Level 1,Casual Driver
1039,User_1039,Nissan Leaf,85,Station_431,Chicago,2024-02-13 06:00,2024-02-13 08:35,61.04,1.99,41.55,35.55,Afternoon,Tuesday,33.07,56.8,95.5,27.1,5,DC Fast Charger,Casual Driver
1040,User_1040,Nissan Leaf,85,Station_258,New York,2024-02-13 07:00,2024-02-13 07:44,64.23,2.13,18.16,14.83,Night,Friday,83.32,83.8,171.2,14.4,2,Level 2,Long-Distance Traveler
1041,User_1041,Chevy Bolt,50,Station_63,Houston,2024-02-13 08:00,2024-02-13 10:43,44.89,2.04,28.98,7.09,Morning,Tuesday,81.96,70.54,184.7,22.8,7,DC Fast Charger,Long-Distance Traveler
1042,User_1042,Nissan Leaf,100,Station_62,Houston,2024-02-13 09:00,2024-02-13 10:42,58.94,3.21,43.7,37.33,Night,Saturday,82.36,92.04,81.2,19.5,6,Level 2,Long-Distance Traveler
1043,User_1043,Chevy Bolt,110,Station_100,Houston,2024-02-13 10:00,2024-02-13 12:10,10.04,1.3,0,26.59,Evening,Monday,35.98,70.68,81.8,35.1,2,Level 1,Long-Distance Traveler
1044,User_1044,Tesla Model 3,100,Station_19,Los Angeles,2024-02-13 11:00,2024-02-13 13:07,17.53,3.72,7.64,26.12,Afternoon,Sunday,89.91,73.01,89.8,-4.4,4,DC Fast Charger,Long-Distance Traveler
1045,User_1045,Chevy Bolt,85,Station_17,Houston,2024-02-13 12:00,2024-02-13 15:15,29.76,2.16,29.39,20.07,Morning,Sunday,10.81,36.55,51.2,-1.4,1,DC Fast Charger,Casual Driver
1046,User_1046,Chevy Bolt,75,Station_325,Houston,2024-02-13 13:00,2024-02-13 13:55,69.6,2.34,14.86,38.13,Afternoon,Tuesday,60.64,73.01,289,73.2,6,DC Fast Charger,Long-Distance Traveler
1047,User_1047,BMW i3,75,Station_423,Los Angeles,2024-02-13 14:00,2024-02-13 17:59,49.93,1.11,37.93,28.29,Night,Sunday,121.85,52.83,56.7,27,2,Level 2,Long-Distance Traveler
1048,User_1048,Chevy Bolt,75,Station_466,San Francisco,2024-02-13 15:00,2024-02-13 17:01,14.49,3.89,41.38,16.38,Morning,Tuesday,42.79,51.76,97.1,25,3,Level 1,Casual Driver
1049,User_1049,Chevy Bolt,85,Station_373,New York,2024-02-13 16:00,2024-02-13 18:34,38.41,2.5,22.12,19.83,Night,Wednesday,10.82,56.54,0,-3.6,2,Level 1,Casual Driver
1050,User_1050,Tesla Model 3,100,Station_246,Houston,2024-02-13 17:00,2024-02-13 20:28,8.23,0.9,43.81,8.68,Morning,Sunday,23.36,97.66,298.7,38.6,3,Level 2,Commuter
1051,User_1051,BMW i3,75,Station_251,New York,2024-02-13 18:00,2024-02-13 19:42,34.86,3.47,4.94,24.3,Evening,Monday,47.98,70,155.7,35.4,3,DC Fast Charger,Commuter
1052,User_1052,Hyundai Kona,62,Station_455,Chicago,2024-02-13 19:00,2024-02-13 21:32,57.93,1.72,0,31.54,Evening,Sunday,67.65,78.31,59.4,34.7,5,Level 2,Commuter
1053,User_1053,Tesla Model 3,50,Station_81,New York,2024-02-13 20:00,2024-02-13 21:22,49.41,2.88,34.01,38.92,Afternoon,Saturday,75.99,84.94,275,-7.6,5,Level 2,Long-Distance Traveler
1054,User_1054,Tesla Model 3,50,Station_39,Los Angeles,2024-02-13 21:00,2024-02-14 00:33,9.98,1.85,33.33,21.1,Night,Monday,35.85,67.58,30.4,37.8,5,Level 1,Casual Driver
1055,User_1055,Hyundai Kona,62,Station_36,New York,2024-02-13 22:00,2024-02-14 01:36,29.05,2.95,15.96,7.68,Night,Sunday,25.85,90.97,195.6,-2,4,Level 2,Commuter
1056,User_1056,Chevy Bolt,75,Station_424,New York,2024-02-13 23:00,2024-02-14 02:47,42.09,1,6.31,3.67,Morning,Monday,51.68,95.81,103.3,30.7,0,DC Fast Charger,Commuter
1057,User_1057,Nissan Leaf,75,Station_429,New York,2024-02-14 00:00,2024-02-14 01:47,45.77,0.96,17.4,14.02,Evening,Sunday,30.74,81.85,0,1.3,4,Level 2,Long-Distance Traveler
1058,User_1058,BMW i3,75,Station_388,San Francisco,2024-02-14 01:00,2024-02-14 03:01,53.71,0.89,18.62,29.03,Afternoon,Tuesday,49.92,56.18,36.4,23.8,4,Level 2,Commuter
1059,User_1059,Nissan Leaf,56,Station_486,San Francisco,2024-02-14 02:00,2024-02-14 05:35,66.41,3.03,39.86,35.47,Evening,Thursday,15.56,78.85,61.6,33.8,0,Level 2,Casual Driver
1060,User_1060,Hyundai Kona,85,Station_409,Chicago,2024-02-14 03:00,2024-02-14 04:57,11.46,3.51,18.91,27.03,Night,Tuesday,89.11,51.82,99.8,15.4,2,DC Fast Charger,Casual Driver
1061,User_1061,Tesla Model 3,100,Station_197,Los Angeles,2024-02-14 04:00,2024-02-14 04:42,75.57,2.57,21.51,5.99,Afternoon,Friday,32.75,57.68,281.3,13.4,4,Level 2,Commuter
1062,User_1062,Tesla Model 3,50,Station_158,New York,2024-02-14 05:00,2024-02-14 06:12,44.36,2.87,3.92,6.98,Evening,Sunday,72.82,64.6,63,39.9,7,Level 1,Casual Driver
1063,User_1063,BMW i3,62,Station_204,New York,2024-02-14 06:00,2024-02-14 07:45,28.25,0.91,30,12.17,Evening,Wednesday,77.23,82.61,151.4,1.9,4,Level 2,Commuter
1064,User_1064,Tesla Model 3,100,Station_196,New York,2024-02-14 07:00,2024-02-14 08:20,39.49,0.86,16.37,27.77,Morning,Monday,26.69,90.02,250.8,35.7,7,Level 2,Commuter
1065,User_1065,Tesla Model 3,75,Station_216,New York,2024-02-14 08:00,2024-02-14 08:48,25.37,0.56,37.58,7.14,Morning,Friday,22.47,72.92,0,24.9,6,Level 1,Casual Driver
1066,User_1066,BMW i3,62,Station_285,San Francisco,2024-02-14 09:00,2024-02-14 11:58,69.21,2.29,28.76,5.55,Night,Saturday,27.77,55.46,66.2,11.9,5,Level 1,Casual Driver
1067,User_1067,BMW i3,46,Station_457,Chicago,2024-02-14 10:00,2024-02-14 12:31,34.6,2.52,5.58,29.24,Evening,Friday,21.24,73.44,155.2,5.1,6,Level 1,Long-Distance Traveler
1068,User_1068,Hyundai Kona,62,Station_196,Houston,2024-02-14 11:00,2024-02-14 11:53,40.79,3.43,11.03,22.86,Morning,Thursday,68.76,55.15,159.6,-0.7,3,Level 1,Long-Distance Traveler
1069,User_1069,Tesla Model 3,62,Station_307,Los Angeles,2024-02-14 12:00,2024-02-14 12:55,21.87,0.57,10.6,25.99,Evening,Sunday,44.92,53.75,296.6,33.4,1,Level 1,Commuter
1070,User_1070,Tesla Model 3,75,Station_152,New York,2024-02-14 13:00,2024-02-14 16:22,47.23,3.64,42.96,37.9,Afternoon,Monday,12.43,68.06,208.8,10.7,2,Level 1,Casual Driver
1071,User_1071,Hyundai Kona,62,Station_14,Chicago,2024-02-14 14:00,2024-02-14 17:05,0,2.88,18.56,13.93,Evening,Tuesday,64.49,150.79,246.2,28.1,5,DC Fast Charger,Commuter
1072,User_1072,Chevy Bolt,83,Station_325,Houston,2024-02-14 15:00,2024-02-14 17:29,18.79,1.64,38.26,39.52,Evening,Monday,41.77,67.07,0,-2.7,3,Level 2,Long-Distance Traveler
1073,User_1073,Chevy Bolt,100,Station_146,Chicago,2024-02-14 16:00,2024-02-14 17:51,47.29,0.66,3.6,11.97,Night,Wednesday,64.57,63.96,295.2,-3.7,1,DC Fast Charger,Commuter
1074,User_1074,Chevy Bolt,62,Station_426,San Francisco,2024-02-14 17:00,2024-02-14 19:09,30.17,1.17,21.34,27.39,Afternoon,Monday,77.6,58.55,185.6,37.2,5,DC Fast Charger,Casual Driver
1075,User_1075,Hyundai Kona,85,Station_57,Houston,2024-02-14 18:00,2024-02-14 21:06,34.9,1.6,4.88,33.68,Afternoon,Friday,61.53,89,269.9,-6.4,1,Level 1,Casual Driver
1076,User_1076,Tesla Model 3,100,Station_211,Chicago,2024-02-14 19:00,2024-02-14 19:46,54.96,3.52,41.41,38.77,Morning,Friday,19.83,92.78,141.5,39.5,3,Level 2,Long-Distance Traveler
1077,User_1077,Hyundai Kona,50,Station_268,San Francisco,2024-02-14 20:00,2024-02-14 21:37,74.79,1.68,36.55,31.3,Afternoon,Tuesday,37.37,98.56,245.6,21.4,7,DC Fast Charger,Commuter
1078,User_1078,Hyundai Kona,75,Station_210,Chicago,2024-02-14 21:00,2024-02-14 22:13,34.79,1.81,23.22,31.8,Night,Tuesday,42.67,75.7,247.7,17.2,5,Level 2,Commuter
1079,User_1079,Chevy Bolt,75,Station_17,Chicago,2024-02-14 22:00,2024-02-14 23:30,69.13,3.01,10.71,17.39,Morning,Tuesday,28.9,78.35,91.6,3.4,2,Level 2,Casual Driver
1080,User_1080,Nissan Leaf,78,Station_286,Houston,2024-02-14 23:00,2024-02-15 01:32,38.09,1.95,1.65,15.63,Evening,Saturday,11.83,97.63,135.7,-5.9,7,Level 1,Long-Distance Traveler
1081,User_1081,Tesla Model 3,50,Station_344,San Francisco,2024-02-15 00:00,2024-02-15 02:02,27.75,0.9,31.66,17.09,Afternoon,Sunday,24.84,87.94,265.7,34,1,Level 2,Casual Driver
1082,User_1082,Chevy Bolt,85,Station_203,New York,2024-02-15 01:00,2024-02-15 04:45,41.65,0.14,11.11,33.39,Evening,Wednesday,90.93,52.84,111.9,13.1,3,DC Fast Charger,Casual Driver
1083,User_1083,Nissan Leaf,85,Station_99,Los Angeles,2024-02-15 02:00,2024-02-15 03:43,35.39,2.31,44.85,38.4,Morning,Saturday,34.64,54.27,286.8,-7.6,7,DC Fast Charger,Long-Distance Traveler
1084,User_1084,Nissan Leaf,85,Station_279,Houston,2024-02-15 03:00,2024-02-15 06:02,68.57,1.56,16.48,24.53,Afternoon,Saturday,68.27,93.57,92,-9.8,2,Level 1,Casual Driver
1085,User_1085,BMW i3,107,Station_209,San Francisco,2024-02-15 04:00,2024-02-15 05:36,0,2.22,38.97,6.56,Morning,Saturday,18.34,86.04,30.6,17.8,6,DC Fast Charger,Commuter
1086,User_1086,Tesla Model 3,50,Station_129,Chicago,2024-02-15 05:00,2024-02-15 07:20,36.47,1.21,37.86,9.94,Morning,Monday,21.02,82.18,56.4,36.2,1,Level 1,Commuter
1087,User_1087,Nissan Leaf,100,Station_335,San Francisco,2024-02-15 06:00,2024-02-15 06:31,44.64,1.2,0,17.66,Afternoon,Thursday,32.3,69.58,294.8,-6.3,6,DC Fast Charger,Commuter
1088,User_1088,Chevy Bolt,50,Station_288,Los Angeles,2024-02-15 07:00,2024-02-15 08:58,40.27,2.69,49.57,25.55,Afternoon,Sunday,21.83,68,156.5,33.8,2,DC Fast Charger,Casual Driver
1089,User_1089,BMW i3,62,Station_252,Los Angeles,2024-02-15 08:00,2024-02-15 11:26,34.43,0.68,34.17,12.65,Morning,Monday,77.3,54.74,265.8,22.2,3,Level 1,Long-Distance Traveler
1090,User_1090,Tesla Model 3,50,Station_265,New York,2024-02-15 09:00,2024-02-15 12:47,0,0.94,15.42,31.47,Night,Tuesday,21.39,70.38,266.6,20.8,3,Level 2,Long-Distance Traveler
1091,User_1091,Hyundai Kona,85,Station_271,New York,2024-02-15 10:00,2024-02-15 10:55,18.56,1.58,0,7.25,Afternoon,Wednesday,28.8,51.48,397.8,26.2,1,Level 1,Long-Distance Traveler
1092,User_1092,Chevy Bolt,75,Station_412,Los Angeles,2024-02-15 11:00,2024-02-15 14:49,59.8,2.12,14.56,22.93,Morning,Saturday,28.19,96.03,276.2,-0.6,4,Level 2,Long-Distance Traveler
1093,User_1093,Nissan Leaf,75,Station_408,Houston,2024-02-15 12:00,2024-02-15 14:08,59.77,3.25,35.05,39.3,Evening,Monday,81.95,59.95,166.3,18.2,2,Level 2,Long-Distance Traveler
1094,User_1094,Nissan Leaf,62,Station_188,Houston,2024-02-15 13:00,2024-02-15 13:56,36.7,1.87,19.12,5.56,Evening,Sunday,26.35,95.16,49.6,30.3,6,Level 1,Casual Driver
1095,User_1095,Chevy Bolt,62,Station_419,Chicago,2024-02-15 14:00,2024-02-15 15:58,10.23,2.69,44.96,36.64,Afternoon,Friday,58.95,54.52,112,-3.8,5,Level 1,Long-Distance Traveler
1096,User_1096,Nissan Leaf,100,Station_214,New York,2024-02-15 15:00,2024-02-15 17:55,24.23,0.93,7.76,23.53,Afternoon,Sunday,17.7,75.5,172,5,5,Level 1,Commuter
1097,User_1097,BMW i3,85,Station_283,Chicago,2024-02-15 16:00,2024-02-15 19:31,21.71,2.51,47.98,8.12,Evening,Saturday,17.08,94.51,169.8,18.7,5,Level 2,Casual Driver
1098,User_1098,Tesla Model 3,85,Station_211,New York,2024-02-15 17:00,2024-02-15 17:30,57.9,1.73,10.41,23.09,Morning,Sunday,53.19,96.34,101.6,23.9,5,Level 2,Commuter
1099,User_1099,BMW i3,85,Station_365,Los Angeles,2024-02-15 18:00,2024-02-15 21:38,35.17,1.39,38.82,39.91,Morning,Monday,78.18,39.33,178,8.2,1,Level 2,Long-Distance Traveler
1100,User_1100,Nissan Leaf,75,Station_76,Houston,2024-02-15 19:00,2024-02-15 21:12,15.73,3.88,38.32,19.63,Morning,Friday,10.87,80.29,279,10.8,5,Level 2,Long-Distance Traveler
1101,User_1101,Hyundai Kona,85,Station_148,Houston,2024-02-15 20:00,2024-02-15 22:40,34.08,2.36,12.6,19.57,Night,Monday,70.12,61.6,0,5.4,1,Level 1,Commuter
1102,User_1102,Tesla Model 3,100,Station_321,Los Angeles,2024-02-15 21:00,2024-02-16 00:45,26.05,2.03,27.15,36.22,Afternoon,Monday,88.85,69.47,211.5,19.4,2,Level 1,Commuter
1103,User_1103,Tesla Model 3,85,Station_213,Chicago,2024-02-15 22:00,2024-02-15 23:10,21.85,3.28,0,11.77,Night,Saturday,19.55,54.51,240.7,11.9,0,Level 2,Casual Driver
1104,User_1104,Chevy Bolt,75,Station_433,Chicago,2024-02-15 23:00,2024-02-16 02:14,15.43,1.71,19,22.77,Night,Monday,27.1,55.42,218.1,0,1,DC Fast Charger,Long-Distance Traveler
1105,User_1105,Chevy Bolt,85,Station_109,San Francisco,2024-02-16 00:00,2024-02-16 01:20,13.65,1.46,33.3,38.31,Night,Tuesday,44.39,86.61,0,28.9,5,Level 1,Long-Distance Traveler
1106,User_1106,Hyundai Kona,75,Station_129,New York,2024-02-16 01:00,2024-02-16 01:44,24.78,0.88,0,7.64,Night,Sunday,41.9,52.62,171.1,1,7,DC Fast Charger,Long-Distance Traveler
1107,User_1107,Tesla Model 3,75,Station_10,Chicago,2024-02-16 02:00,2024-02-16 02:37,67.46,0.87,17.89,29.52,Morning,Friday,58.36,83.42,93.3,24.4,4,DC Fast Charger,Commuter
1108,User_1108,Hyundai Kona,62,Station_47,Los Angeles,2024-02-16 03:00,2024-02-16 04:07,12.04,1.03,0,22.74,Afternoon,Wednesday,22.71,62.28,284.2,12.6,5,DC Fast Charger,Long-Distance Traveler
1109,User_1109,Chevy Bolt,85,Station_379,Chicago,2024-02-16 04:00,2024-02-16 06:23,61.23,2.33,9.14,38.66,Afternoon,Thursday,53.24,85.78,13.8,39,7,Level 2,Casual Driver
1110,User_1110,Chevy Bolt,50,Station_315,Houston,2024-02-16 05:00,2024-02-16 06:52,23.19,2.01,31.98,5.81,Night,Sunday,72.88,86.94,181,17.1,7,Level 1,Casual Driver
1111,User_1111,Tesla Model 3,85,Station_96,New York,2024-02-16 06:00,2024-02-16 07:25,48.39,3.74,27.81,15.99,Afternoon,Saturday,19.32,81.93,112.1,17.9,7,DC Fast Charger,Commuter
1112,User_1112,BMW i3,75,Station_446,San Francisco,2024-02-16 07:00,2024-02-16 10:24,29.68,3.72,45.67,21.06,Evening,Friday,79.22,54.37,266,34.2,3,Level 2,Commuter
1113,User_1113,Nissan Leaf,85,Station_103,New York,2024-02-16 08:00,2024-02-16 10:12,25.09,3.45,4.96,21.53,Morning,Tuesday,36.84,58.6,0,-9.6,5,Level 1,Casual Driver
1114,User_1114,Chevy Bolt,75,Station_380,Houston,2024-02-16 09:00,2024-02-16 11:47,0,2.22,47.66,19.81,Afternoon,Friday,25.18,80.24,200.9,20.8,6,Level 2,Commuter
1115,User_1115,Chevy Bolt,100,Station_342,Houston,2024-02-16 10:00,2024-02-16 12:11,56.12,1.06,5.49,16.35,Morning,Wednesday,22.35,80.09,82,36.6,7,Level 1,Commuter
1116,User_1116,BMW i3,50,Station_146,Houston,2024-02-16 11:00,2024-02-16 12:47,15.9,3.17,40.44,12.07,Evening,Saturday,46.22,60.73,211.6,-5.1,7,Level 1,Long-Distance Traveler
1117,User_1117,BMW i3,85,Station_368,Houston,2024-02-16 12:00,2024-02-16 15:26,41.16,3.26,46.13,13.44,Morning,Friday,31.47,77.45,125.8,29.5,5,Level 2,Casual Driver
1118,User_1118,Hyundai Kona,50,Station_430,Los Angeles,2024-02-16 13:00,2024-02-16 16:18,41.91,1.89,24.48,26.73,Evening,Sunday,46.4,58.93,44.5,11.8,5,DC Fast Charger,Long-Distance Traveler
1119,User_1119,Hyundai Kona,85,Station_416,San Francisco,2024-02-16 14:00,2024-02-16 15:52,8.34,2.43,41.76,8.21,Night,Tuesday,15.63,42.51,206.3,-7.3,4,Level 1,Casual Driver
1120,User_1120,Nissan Leaf,62,Station_27,Houston,2024-02-16 15:00,2024-02-16 15:59,90.24,1.29,4.84,35.03,Afternoon,Saturday,70.55,50.52,102.8,36.4,1,Level 1,Long-Distance Traveler
1121,User_1121,Nissan Leaf,62,Station_220,Houston,2024-02-16 16:00,2024-02-16 16:34,18.1,1.93,41.55,37.7,Night,Tuesday,33.3,99.7,51.2,1.1,3,DC Fast Charger,Casual Driver
1122,User_1122,Tesla Model 3,50,Station_18,Chicago,2024-02-16 17:00,2024-02-16 19:28,59.2,3.4,10.55,7.03,Afternoon,Saturday,32.9,90.24,286.8,2.5,6,Level 1,Casual Driver
1123,User_1123,Hyundai Kona,85,Station_167,San Francisco,2024-02-16 18:00,2024-02-16 21:48,0,3.78,7.75,11.57,Night,Thursday,25.61,76.51,249.1,5.2,5,DC Fast Charger,Casual Driver
1124,User_1124,Chevy Bolt,85,Station_433,New York,2024-02-16 19:00,2024-02-16 20:00,15.77,2.69,25.36,36.23,Evening,Wednesday,59.61,58.96,297.1,24,7,Level 1,Commuter
1125,User_1125,Hyundai Kona,50,Station_477,San Francisco,2024-02-16 20:00,2024-02-16 23:29,75.09,1.85,12.37,6.12,Afternoon,Thursday,61.93,50.51,150.3,24,3,DC Fast Charger,Long-Distance Traveler
1126,User_1126,Chevy Bolt,100,Station_82,San Francisco,2024-02-16 21:00,2024-02-16 21:52,23.92,2.33,33.5,5.59,Night,Sunday,38.27,84.48,296,4.8,2,Level 1,Commuter
1127,User_1127,BMW i3,50,Station_428,San Francisco,2024-02-16 22:00,2024-02-16 23:17,13.82,2.09,12.27,20.84,Morning,Sunday,86.61,99.09,119.3,38.6,7,Level 1,Commuter
1128,User_1128,Hyundai Kona,62,Station_72,Houston,2024-02-16 23:00,2024-02-17 01:18,79.97,1.16,37.46,8.47,Morning,Sunday,75.83,67.98,117.7,16.1,5,Level 1,Casual Driver
1129,User_1129,BMW i3,50,Station_310,Houston,2024-02-17 00:00,2024-02-17 01:09,5.16,3.91,5.27,7.41,Night,Monday,32.17,56.72,45.4,-9.8,2,DC Fast Charger,Casual Driver
1130,User_1130,Nissan Leaf,75,Station_479,Los Angeles,2024-02-17 01:00,2024-02-17 01:35,55.1,1.29,45.21,8.63,Evening,Sunday,54.16,56.7,100.8,3.3,3,Level 1,Commuter
1131,User_1131,Nissan Leaf,102,Station_254,New York,2024-02-17 02:00,2024-02-17 03:07,38.19,3.23,23.2,8.64,Night,Tuesday,40.63,62.8,72.3,21.2,6,Level 2,Commuter
1132,User_1132,Tesla Model 3,60,Station_162,Chicago,2024-02-17 03:00,2024-02-17 06:18,41.13,0.63,46.54,10.68,Morning,Thursday,64.75,92.69,224.6,11.1,4,Level 2,Commuter
1133,User_1133,Hyundai Kona,100,Station_327,San Francisco,2024-02-17 04:00,2024-02-17 06:09,55.2,1.7,26.97,13.32,Afternoon,Tuesday,28.69,81.11,0,15.3,6,Level 2,Casual Driver
1134,User_1134,BMW i3,75,Station_420,New York,2024-02-17 05:00,2024-02-17 05:56,72.31,0.95,34.26,23.89,Afternoon,Saturday,59.49,92.31,54.1,8.4,0,Level 1,Casual Driver
1135,User_1135,Chevy Bolt,75,Station_402,New York,2024-02-17 06:00,2024-02-17 09:52,37.49,1.85,15.8,7.39,Night,Tuesday,86.54,93.38,215.9,0.4,7,DC Fast Charger,Casual Driver
1136,User_1136,Nissan Leaf,62,Station_38,Los Angeles,2024-02-17 07:00,2024-02-17 08:38,55.37,3.14,18.05,8.62,Afternoon,Monday,57.07,92.42,270,-2.6,2,DC Fast Charger,Long-Distance Traveler
1137,User_1137,Nissan Leaf,75,Station_443,Chicago,2024-02-17 08:00,2024-02-17 09:26,33.47,3.39,18.94,33.22,Morning,Tuesday,44.25,91.06,40.3,26.8,6,Level 1,Commuter
1138,User_1138,Chevy Bolt,85,Station_393,San Francisco,2024-02-17 09:00,2024-02-17 09:46,53.36,3.38,11.31,23.06,Afternoon,Saturday,29.88,95.54,0,3.5,0,Level 2,Commuter
1139,User_1139,BMW i3,62,Station_201,Chicago,2024-02-17 10:00,2024-02-17 11:40,76.04,2.2,14.89,14.96,Night,Saturday,87.91,67.05,259.7,23.2,4,DC Fast Charger,Long-Distance Traveler
1140,User_1140,BMW i3,75,Station_494,Los Angeles,2024-02-17 11:00,2024-02-17 12:16,9.79,3.76,12.89,20.91,Night,Thursday,89.04,54.07,60.3,31.4,6,Level 1,Commuter
1141,User_1141,Hyundai Kona,85,Station_200,Houston,2024-02-17 12:00,2024-02-17 13:48,45.45,1.44,28.19,39.6,Night,Sunday,18.31,66.43,131.1,28.5,7,DC Fast Charger,Commuter
1142,User_1142,Hyundai Kona,100,Station_255,New York,2024-02-17 13:00,2024-02-17 15:19,31.73,2.29,37.5,28.38,Morning,Wednesday,76.84,87.56,47.4,7.6,0,Level 2,Commuter
1143,User_1143,Tesla Model 3,62,Station_179,San Francisco,2024-02-17 14:00,2024-02-17 14:42,76.16,2.48,32.56,26.77,Evening,Friday,24.93,79.56,83,38.5,4,Level 2,Long-Distance Traveler
1144,User_1144,Nissan Leaf,75,Station_35,Houston,2024-02-17 15:00,2024-02-17 17:48,59.17,2.77,15.22,18.82,Afternoon,Thursday,50.51,68.6,156.8,29.1,1,DC Fast Charger,Long-Distance Traveler
1145,User_1145,Hyundai Kona,179,Station_82,Los Angeles,2024-02-17 16:00,2024-02-17 18:33,15.1,2.89,5.05,22.01,Night,Monday,51.48,72.7,152.9,19,6,Level 1,Commuter
1146,User_1146,BMW i3,62,Station_389,Chicago,2024-02-17 17:00,2024-02-17 19:18,66.25,1.25,37.46,13.37,Evening,Friday,43.85,61.65,152.3,9,3,Level 1,Casual Driver
1147,User_1147,Chevy Bolt,75,Station_398,New York,2024-02-17 18:00,2024-02-17 19:59,30.73,3,11.22,37.96,Night,Tuesday,41.9,79.16,207.5,-4.4,5,DC Fast Charger,Commuter
1148,User_1148,BMW i3,85,Station_220,San Francisco,2024-02-17 19:00,2024-02-17 20:55,77.69,3.62,0,21.99,Night,Thursday,11.3,81,15.2,-8.4,0,Level 2,Commuter
1149,User_1149,Nissan Leaf,100,Station_158,Houston,2024-02-17 20:00,2024-02-17 22:01,77.13,1.23,39.43,29.79,Morning,Friday,62.32,81.41,272.8,-3.7,1,Level 1,Casual Driver
1150,User_1150,BMW i3,100,Station_4,Houston,2024-02-17 21:00,2024-02-17 21:53,8.28,1.25,11.02,27.33,Morning,Sunday,76.67,62.01,216.5,-2.6,2,DC Fast Charger,Commuter
1151,User_1151,Tesla Model 3,75,Station_167,New York,2024-02-17 22:00,2024-02-17 23:42,50.53,1.03,34.64,5.11,Evening,Sunday,25.35,63.66,62.5,-9.2,0,DC Fast Charger,Commuter
1152,User_1152,Nissan Leaf,66,Station_468,Chicago,2024-02-17 23:00,2024-02-17 23:33,64.93,3.73,45.6,38.45,Night,Thursday,58.16,72.86,115.7,26.7,2,Level 2,Long-Distance Traveler
1153,User_1153,Chevy Bolt,85,Station_448,Los Angeles,2024-02-18 00:00,2024-02-18 02:22,0,3.34,39.4,11.08,Afternoon,Sunday,34.07,98.87,0,32.3,5,Level 2,Commuter
1154,User_1154,Tesla Model 3,62,Station_409,Chicago,2024-02-18 01:00,2024-02-18 02:15,55.63,1.38,8.18,25.72,Afternoon,Tuesday,50.63,53.25,294.3,14.6,6,Level 1,Casual Driver
1155,User_1155,Nissan Leaf,85,Station_412,Chicago,2024-02-18 02:00,2024-02-18 02:47,41.99,1.2,6.48,30.38,Afternoon,Saturday,46.35,91.11,54.3,37.3,4,Level 1,Long-Distance Traveler
1156,User_1156,Chevy Bolt,25,Station_204,Chicago,2024-02-18 03:00,2024-02-18 04:12,38.7,0.55,30.85,12.73,Evening,Thursday,27.79,54.74,384.7,36.7,5,Level 1,Long-Distance Traveler
1157,User_1157,Tesla Model 3,85,Station_194,New York,2024-02-18 04:00,2024-02-18 07:57,62.26,1.7,23.58,17.19,Morning,Monday,34.7,51.28,299.7,9.3,2,Level 2,Casual Driver
1158,User_1158,Tesla Model 3,62,Station_235,New York,2024-02-18 05:00,2024-02-18 08:10,35.84,3.79,34.74,13.91,Evening,Friday,55.96,87.11,263.6,9.2,6,DC Fast Charger,Casual Driver
1159,User_1159,Nissan Leaf,100,Station_206,Los Angeles,2024-02-18 06:00,2024-02-18 08:02,55.47,3.54,26.48,14.83,Morning,Friday,38.48,82.3,76.9,1.4,0,Level 1,Long-Distance Traveler
1160,User_1160,Hyundai Kona,62,Station_150,Chicago,2024-02-18 07:00,2024-02-18 09:12,19.72,1.48,47.61,9.04,Afternoon,Friday,58.69,84.55,32.3,35.8,1,Level 1,Commuter
1161,User_1161,Tesla Model 3,29,Station_159,New York,2024-02-18 08:00,2024-02-18 10:33,68.45,2.19,14.97,14.5,Afternoon,Thursday,26.46,98.79,61.8,18.6,4,Level 1,Commuter
1162,User_1162,Tesla Model 3,62,Station_279,Los Angeles,2024-02-18 09:00,2024-02-18 09:39,79.95,1.66,10.89,17.62,Morning,Tuesday,52.14,93.02,176.2,34.4,6,DC Fast Charger,Long-Distance Traveler
1163,User_1163,Chevy Bolt,85,Station_304,Los Angeles,2024-02-18 10:00,2024-02-18 11:42,60.47,3.72,28.75,19.65,Afternoon,Thursday,33.68,78.91,147.7,-2.7,1,Level 1,Commuter
1164,User_1164,BMW i3,75,Station_404,Chicago,2024-02-18 11:00,2024-02-18 14:36,35.38,1.72,23.77,16.08,Evening,Thursday,54.48,70.46,33.7,33.9,5,Level 1,Long-Distance Traveler
1165,User_1165,Nissan Leaf,62,Station_381,San Francisco,2024-02-18 12:00,2024-02-18 13:00,37.69,0.6,45.36,33.81,Morning,Sunday,17.97,67.46,172.1,26.1,1,Level 2,Casual Driver
1166,User_1166,Nissan Leaf,111,Station_166,Chicago,2024-02-18 13:00,2024-02-18 16:05,20.79,1.47,30.19,16.08,Afternoon,Saturday,33.55,93.65,155.8,13.7,6,Level 2,Commuter
1167,User_1167,Hyundai Kona,100,Station_311,San Francisco,2024-02-18 14:00,2024-02-18 15:29,53.36,3.8,38.63,13.61,Night,Friday,33.27,92.04,42.1,29.9,4,Level 2,Commuter
1168,User_1168,Hyundai Kona,100,Station_68,Los Angeles,2024-02-18 15:00,2024-02-18 17:40,24.27,1.64,30.49,15.81,Afternoon,Tuesday,74.68,79.53,80.3,11.7,6,DC Fast Charger,Long-Distance Traveler
1169,User_1169,Nissan Leaf,62,Station_463,New York,2024-02-18 16:00,2024-02-18 18:27,68.21,2.84,21.9,38.65,Night,Wednesday,87.9,63.86,71.2,34.4,5,Level 2,Long-Distance Traveler
1170,User_1170,Hyundai Kona,100,Station_88,Houston,2024-02-18 17:00,2024-02-18 20:32,27.71,2.86,45.33,38.04,Afternoon,Tuesday,46.48,98.63,104.9,19,4,Level 1,Commuter
1171,User_1171,Chevy Bolt,50,Station_217,Los Angeles,2024-02-18 18:00,2024-02-18 18:43,76.69,0.73,45.76,35.27,Night,Sunday,33.29,52.04,190.9,38.7,1,Level 1,Commuter
1172,User_1172,Nissan Leaf,50,Station_1,New York,2024-02-18 19:00,2024-02-18 22:35,45.36,0.56,25.04,33.71,Afternoon,Thursday,39.08,91.73,109.9,37.3,5,DC Fast Charger,Commuter
1173,User_1173,Hyundai Kona,50,Station_135,Los Angeles,2024-02-18 20:00,2024-02-18 22:52,27.5,1.37,46.48,8.15,Night,Monday,61.56,63.29,97.5,12.4,3,DC Fast Charger,Casual Driver
1174,User_1174,Nissan Leaf,100,Station_185,Chicago,2024-02-18 21:00,2024-02-18 21:31,74.71,3.68,33.46,38.77,Morning,Tuesday,56.91,90.24,166.7,7.9,1,Level 1,Commuter
1175,User_1175,BMW i3,100,Station_351,San Francisco,2024-02-18 22:00,2024-02-18 22:53,37.52,2.78,24.98,12.98,Morning,Friday,23.17,79.15,27.7,-7.6,0,DC Fast Charger,Commuter
1176,User_1176,Tesla Model 3,101,Station_140,Los Angeles,2024-02-18 23:00,2024-02-19 02:55,24.04,2.91,26.03,25.49,Night,Monday,81.15,50.45,146.9,8.8,1,Level 1,Long-Distance Traveler
1177,User_1177,Nissan Leaf,75,Station_106,New York,2024-02-19 00:00,2024-02-19 01:33,9.52,1.28,48.58,15.14,Afternoon,Wednesday,18.26,88.41,207.1,27.8,0,Level 2,Casual Driver
1178,User_1178,Tesla Model 3,48,Station_133,Chicago,2024-02-19 01:00,2024-02-19 04:48,39.88,3.04,19.46,20.34,Evening,Wednesday,58.02,52.29,172.5,31.6,4,Level 1,Long-Distance Traveler
1179,User_1179,Hyundai Kona,50,Station_108,Houston,2024-02-19 02:00,2024-02-19 04:09,5.76,2.29,39.13,34.4,Evening,Monday,63.62,73.81,107.7,19,3,DC Fast Charger,Commuter
1180,User_1180,Tesla Model 3,100,Station_178,Chicago,2024-02-19 03:00,2024-02-19 05:23,13,1.7,41.18,18.41,Evening,Sunday,40.69,57.67,245.9,39.6,6,Level 2,Casual Driver
1181,User_1181,Nissan Leaf,62,Station_298,San Francisco,2024-02-19 04:00,2024-02-19 04:53,21.35,2.86,21.5,19.3,Evening,Wednesday,49.32,56.18,29.3,2.5,6,Level 1,Commuter
1182,User_1182,BMW i3,100,Station_358,Chicago,2024-02-19 05:00,2024-02-19 08:04,48.85,1.66,7.24,17.93,Night,Monday,22.71,62.07,107.3,-0.3,3,DC Fast Charger,Casual Driver
1183,User_1183,Hyundai Kona,100,Station_380,Houston,2024-02-19 06:00,2024-02-19 09:14,9.21,2.86,14.83,34.45,Morning,Thursday,46.61,66.15,280.5,18.5,7,DC Fast Charger,Casual Driver
1184,User_1184,Nissan Leaf,75,Station_396,New York,2024-02-19 07:00,2024-02-19 09:00,19.94,1.91,26.75,37.02,Morning,Monday,12.43,139.9,105.7,3.4,3,Level 2,Casual Driver
1185,User_1185,Hyundai Kona,62,Station_359,Los Angeles,2024-02-19 08:00,2024-02-19 11:16,0,1.05,27.82,12.43,Evening,Thursday,43.44,56.19,122.3,12.8,2,Level 1,Casual Driver
1186,User_1186,Chevy Bolt,85,Station_146,San Francisco,2024-02-19 09:00,2024-02-19 12:40,76.19,2.85,14.98,22.65,Morning,Sunday,10.29,76.73,69.2,15.2,0,Level 1,Casual Driver
1187,User_1187,Tesla Model 3,75,Station_450,Houston,2024-02-19 10:00,2024-02-19 13:56,72.94,3.61,13.83,35.86,Night,Friday,44.09,61.94,19.3,38.7,6,DC Fast Charger,Casual Driver
1188,User_1188,Chevy Bolt,75,Station_74,San Francisco,2024-02-19 11:00,2024-02-19 11:55,24.54,1.71,0,31.06,Evening,Friday,18.63,76.46,81.7,-1.6,5,Level 2,Long-Distance Traveler
1189,User_1189,Nissan Leaf,85,Station_463,Chicago,2024-02-19 12:00,2024-02-19 13:34,7.45,3.48,0,15.13,Night,Wednesday,65.87,84.11,30.9,10.5,2,Level 1,Long-Distance Traveler
1190,User_1190,BMW i3,85,Station_478,San Francisco,2024-02-19 13:00,2024-02-19 15:29,17.2,1.66,0,38.89,Night,Saturday,24.07,76.81,160.3,-4.3,1,Level 2,Commuter
1191,User_1191,Hyundai Kona,50,Station_108,Houston,2024-02-19 14:00,2024-02-19 14:33,0,2.29,21.67,8.33,Afternoon,Saturday,58.69,84.96,116.7,-3.1,1,DC Fast Charger,Casual Driver
1192,User_1192,Tesla Model 3,75,Station_122,Los Angeles,2024-02-19 15:00,2024-02-19 18:06,72.28,1.1,7.44,11.99,Night,Monday,87.22,65.57,155.3,4.7,7,Level 1,Casual Driver
1193,User_1193,Hyundai Kona,85,Station_17,Los Angeles,2024-02-19 16:00,2024-02-19 16:30,18.02,2.46,43.7,17.78,Afternoon,Sunday,71.41,76.22,28.5,19.2,4,DC Fast Charger,Long-Distance Traveler
1194,User_1194,Nissan Leaf,75,Station_196,San Francisco,2024-02-19 17:00,2024-02-19 18:19,59.13,2.42,6.94,37.99,Evening,Thursday,47.38,51.07,238.7,19.7,0,Level 1,Commuter
1195,User_1195,Hyundai Kona,85,Station_327,New York,2024-02-19 18:00,2024-02-19 20:19,35.87,4.23,32.8,25.03,Night,Friday,83.52,85.7,258,8.3,5,DC Fast Charger,Commuter
1196,User_1196,Tesla Model 3,62,Station_318,San Francisco,2024-02-19 19:00,2024-02-19 21:48,5.2,1.89,49.33,30.87,Morning,Sunday,18.98,89.64,179.3,37.6,2,Level 1,Long-Distance Traveler
1197,User_1197,Nissan Leaf,50,Station_297,Chicago,2024-02-19 20:00,2024-02-19 21:43,28.77,1.19,25.8,17.02,Evening,Friday,27.99,69.5,163,37.5,6,Level 2,Long-Distance Traveler
1198,User_1198,Hyundai Kona,75,Station_479,Los Angeles,2024-02-19 21:00,2024-02-20 00:36,61.91,3.1,37.77,31.22,Night,Friday,18.22,88.06,291.2,18.8,3,Level 1,Casual Driver
1199,User_1199,BMW i3,100,Station_499,Los Angeles,2024-02-19 22:00,2024-02-19 23:31,35.02,2.85,12.54,26.83,Night,Wednesday,19.07,77.59,49.7,10.2,3,Level 1,Long-Distance Traveler
1200,User_1200,Nissan Leaf,50,Station_252,Los Angeles,2024-02-19 23:00,2024-02-20 00:50,14.8,2.61,27.5,33.99,Morning,Friday,19.6,82.03,58.9,27.2,3,DC Fast Charger,Casual Driver
1201,User_1201,Nissan Leaf,75,Station_487,New York,2024-02-20 00:00,2024-02-20 03:13,65.1,1.02,47.44,31.7,Afternoon,Saturday,17.25,99.67,41.3,10.9,4,Level 1,Commuter
1202,User_1202,BMW i3,75,Station_119,New York,2024-02-20 01:00,2024-02-20 02:25,18.12,3.41,35.16,15.37,Night,Tuesday,41.08,146.76,277,4.6,7,Level 1,Casual Driver
1203,User_1203,Chevy Bolt,87,Station_162,Houston,2024-02-20 02:00,2024-02-20 04:20,61.63,2.94,20.39,32.96,Night,Wednesday,23.36,96.41,83.9,-7,3,Level 1,Long-Distance Traveler
1204,User_1204,Tesla Model 3,75,Station_198,San Francisco,2024-02-20 03:00,2024-02-20 03:50,71.81,3.74,39.47,21.01,Morning,Monday,49.9,60.39,56,-0.8,2,DC Fast Charger,Casual Driver
1205,User_1205,Chevy Bolt,100,Station_498,San Francisco,2024-02-20 04:00,2024-02-20 06:50,45.99,1.6,42.36,19.23,Evening,Tuesday,63.54,60.39,113.5,5.8,3,Level 1,Casual Driver
1206,User_1206,Hyundai Kona,100,Station_486,Chicago,2024-02-20 05:00,2024-02-20 05:38,45.86,1.31,47.5,35.55,Night,Wednesday,26.45,50.88,85,7.2,4,Level 2,Long-Distance Traveler
1207,User_1207,BMW i3,100,Station_45,Los Angeles,2024-02-20 06:00,2024-02-20 08:48,55.69,2.87,3.86,5.43,Afternoon,Sunday,25.91,91.24,0,11.4,0,Level 2,Casual Driver
1208,User_1208,Chevy Bolt,62,Station_314,New York,2024-02-20 07:00,2024-02-20 10:52,23.05,3.66,36.77,9.64,Afternoon,Wednesday,36.14,50.59,286.4,-7.9,2,DC Fast Charger,Commuter
1209,User_1209,Nissan Leaf,50,Station_179,Chicago,2024-02-20 08:00,2024-02-20 09:39,39.97,0.69,37.68,35.48,Morning,Thursday,88.3,71.14,60.9,11,4,Level 1,Casual Driver
1210,User_1210,Hyundai Kona,75,Station_382,Chicago,2024-02-20 09:00,2024-02-20 11:38,21.05,1.46,6.31,46.17,Afternoon,Tuesday,50.71,64.14,135.6,26.2,5,DC Fast Charger,Long-Distance Traveler
1211,User_1211,Hyundai Kona,100,Station_418,New York,2024-02-20 10:00,2024-02-20 12:27,8.79,2.91,0,15.66,Night,Tuesday,49.82,86.76,98.7,-9.1,1,Level 1,Long-Distance Traveler
1212,User_1212,Chevy Bolt,62,Station_44,San Francisco,2024-02-20 11:00,2024-02-20 14:47,97.67,2.82,34.01,14.87,Afternoon,Saturday,31.72,64,249.1,-7.8,5,DC Fast Charger,Long-Distance Traveler
1213,User_1213,Chevy Bolt,100,Station_271,Los Angeles,2024-02-20 12:00,2024-02-20 15:54,39.95,2.71,34.1,29.24,Night,Tuesday,15.07,98.61,132.8,-5.5,1,Level 1,Casual Driver
1214,User_1214,BMW i3,86,Station_78,San Francisco,2024-02-20 13:00,2024-02-20 14:25,41.01,3.07,35.24,43.37,Morning,Friday,56.93,79.68,223.7,31.6,2,Level 1,Commuter
1215,User_1215,Tesla Model 3,75,Station_326,Chicago,2024-02-20 14:00,2024-02-20 15:00,11.42,3.25,26.14,12.86,Afternoon,Saturday,75.86,60.2,31.3,-2.4,4,DC Fast Charger,Long-Distance Traveler
1216,User_1216,Chevy Bolt,100,Station_178,Los Angeles,2024-02-20 15:00,2024-02-20 16:06,52.28,1.77,23.88,23.7,Night,Sunday,21.86,79.26,41.3,6.4,6,DC Fast Charger,Long-Distance Traveler
1217,User_1217,Chevy Bolt,75,Station_357,Houston,2024-02-20 16:00,2024-02-20 19:24,77.63,3.31,11.18,10.91,Evening,Friday,54.64,58.02,101.4,2.2,2,DC Fast Charger,Commuter
1218,User_1218,Nissan Leaf,50,Station_498,Chicago,2024-02-20 17:00,2024-02-20 19:00,14.18,2.21,21.86,23.92,Night,Saturday,18.14,64.34,296,8,7,Level 1,Long-Distance Traveler
1219,User_1219,Hyundai Kona,62,Station_416,San Francisco,2024-02-20 18:00,2024-02-20 20:23,28.34,2.26,36.29,35.18,Night,Monday,25.45,95.75,85.9,15.7,7,DC Fast Charger,Casual Driver
1220,User_1220,Tesla Model 3,100,Station_451,San Francisco,2024-02-20 19:00,2024-02-20 22:55,17.63,1.73,11.38,30.59,Morning,Sunday,88.54,54.64,179.7,36.4,5,Level 1,Long-Distance Traveler
1221,User_1221,Nissan Leaf,75,Station_3,San Francisco,2024-02-20 20:00,2024-02-20 22:37,45.45,1.13,12.82,29.15,Night,Saturday,59.31,59.87,39.9,37.7,0,Level 2,Long-Distance Traveler
1222,User_1222,BMW i3,50,Station_214,New York,2024-02-20 21:00,2024-02-21 00:24,49.66,3.59,17.66,12.39,Morning,Monday,68.71,84.88,236.7,-4.1,0,Level 2,Casual Driver
1223,User_1223,BMW i3,85,Station_342,Chicago,2024-02-20 22:00,2024-02-21 00:31,23.94,2.16,18.82,23.77,Night,Saturday,24.12,90.83,190.2,-3.2,3,Level 1,Commuter
1224,User_1224,Chevy Bolt,85,Station_74,Los Angeles,2024-02-20 23:00,2024-02-21 00:38,23.87,2.44,23.6,10.91,Night,Monday,75.64,58.59,158.2,11,0,Level 1,Commuter
1225,User_1225,Chevy Bolt,50,Station_51,San Francisco,2024-02-21 00:00,2024-02-21 03:35,8.64,2.49,19.67,21.98,Night,Friday,13.25,85.29,132.6,0.9,4,DC Fast Charger,Long-Distance Traveler
1226,User_1226,BMW i3,75,Station_67,San Francisco,2024-02-21 01:00,2024-02-21 02:05,11.14,0.77,0,37.34,Morning,Sunday,75.44,98.86,246.7,35.8,5,Level 1,Casual Driver
1227,User_1227,Chevy Bolt,100,Station_332,New York,2024-02-21 02:00,2024-02-21 03:01,46.4,0.98,38.51,6.69,Night,Sunday,61.77,58.63,18.6,-1.9,3,Level 1,Casual Driver
1228,User_1228,Tesla Model 3,65,Station_93,Los Angeles,2024-02-21 03:00,2024-02-21 04:33,77.27,3.5,28.93,37.51,Morning,Saturday,34.59,92.21,27.7,12,3,Level 2,Commuter
1229,User_1229,Chevy Bolt,100,Station_176,Chicago,2024-02-21 04:00,2024-02-21 07:48,6,3.98,34.95,30.41,Evening,Thursday,36.4,62.03,270.7,23,5,DC Fast Charger,Commuter
1230,User_1230,Hyundai Kona,54,Station_145,Houston,2024-02-21 05:00,2024-02-21 08:19,21.27,3.34,40.18,12.19,Morning,Saturday,23.97,90.94,75.7,31.3,6,DC Fast Charger,Commuter
1231,User_1231,Chevy Bolt,62,Station_7,New York,2024-02-21 06:00,2024-02-21 07:17,38.14,0.95,42.52,21.81,Evening,Monday,79.21,147.49,145,39.7,7,Level 1,Casual Driver
1232,User_1232,Nissan Leaf,85,Station_269,Chicago,2024-02-21 07:00,2024-02-21 10:51,38,2.06,10.49,16.65,Morning,Sunday,21.31,58.47,214.4,-1.8,1,DC Fast Charger,Casual Driver
1233,User_1233,Tesla Model 3,50,Station_376,Houston,2024-02-21 08:00,2024-02-21 09:50,12.89,2.14,17.34,18.14,Morning,Wednesday,78.39,78.82,88.5,20.1,0,Level 2,Casual Driver
1234,User_1234,Nissan Leaf,85,Station_322,San Francisco,2024-02-21 09:00,2024-02-21 12:07,60.62,1.96,22.68,32.74,Night,Friday,71.58,66.87,286.4,29.7,4,Level 2,Long-Distance Traveler
1235,User_1235,Nissan Leaf,100,Station_4,San Francisco,2024-02-21 10:00,2024-02-21 12:58,0,1.62,27.8,58.25,Afternoon,Thursday,74.48,75.87,58.3,33.7,7,Level 2,Long-Distance Traveler
1236,User_1236,Hyundai Kona,75,Station_138,Los Angeles,2024-02-21 11:00,2024-02-21 12:29,5.87,0.89,21.33,21.91,Afternoon,Wednesday,28.9,97.35,281,-1.6,4,Level 1,Commuter
1237,User_1237,Tesla Model 3,62,Station_231,Houston,2024-02-21 12:00,2024-02-21 14:50,0,1.28,36.6,29.78,Night,Wednesday,76.96,83.76,11.8,12.2,1,Level 1,Commuter
1238,User_1238,Tesla Model 3,100,Station_88,San Francisco,2024-02-21 13:00,2024-02-21 13:30,77.7,1.22,26.42,17.06,Evening,Friday,52.5,66.18,196.3,36.6,5,Level 2,Long-Distance Traveler
1239,User_1239,Tesla Model 3,85,Station_17,San Francisco,2024-02-21 14:00,2024-02-21 15:34,94.37,2.24,31.65,38.09,Night,Saturday,43.88,62.26,205.8,19.1,7,Level 2,Long-Distance Traveler
1240,User_1240,Tesla Model 3,62,Station_52,Los Angeles,2024-02-21 15:00,2024-02-21 16:02,43.96,1.77,36,10.43,Afternoon,Tuesday,60.9,81.09,49.9,3.9,4,DC Fast Charger,Long-Distance Traveler
1241,User_1241,Tesla Model 3,85,Station_134,Chicago,2024-02-21 16:00,2024-02-21 17:07,76.48,1.91,42.37,15.66,Morning,Thursday,27.95,85.82,92.3,5.7,3,DC Fast Charger,Long-Distance Traveler
1242,User_1242,Hyundai Kona,79,Station_211,San Francisco,2024-02-21 17:00,2024-02-21 17:54,66.18,3.26,5.92,37.28,Night,Saturday,40.62,54.01,108.1,2.2,3,DC Fast Charger,Commuter
1243,User_1243,Chevy Bolt,50,Station_325,New York,2024-02-21 18:00,2024-02-21 21:03,76.24,3.73,6.8,21.09,Evening,Friday,76.96,61.47,94.4,2.6,4,DC Fast Charger,Long-Distance Traveler
1244,User_1244,Nissan Leaf,75,Station_480,New York,2024-02-21 19:00,2024-02-21 22:54,35.16,0.15,17.64,19.96,Night,Tuesday,76.28,83.59,31.8,-6.2,4,Level 2,Long-Distance Traveler
1245,User_1245,Tesla Model 3,85,Station_458,Chicago,2024-02-21 20:00,2024-02-21 21:28,53.12,1.81,41.69,33.39,Afternoon,Friday,79.45,60.94,139.2,18.7,6,DC Fast Charger,Casual Driver
1246,User_1246,Chevy Bolt,50,Station_393,Houston,2024-02-21 21:00,2024-02-22 00:10,43.13,2.77,5.77,21.6,Morning,Friday,69.62,77.4,167.6,31.1,2,Level 2,Commuter
1247,User_1247,Chevy Bolt,75,Station_219,Los Angeles,2024-02-21 22:00,2024-02-22 00:10,60.68,2.22,15.63,31.65,Afternoon,Wednesday,52.46,69.58,61.5,16,2,Level 2,Commuter
1248,User_1248,Nissan Leaf,85,Station_205,New York,2024-02-21 23:00,2024-02-22 01:36,33.67,2.01,24.86,37.4,Afternoon,Sunday,57.2,71.73,230.8,25.4,1,Level 1,Casual Driver
1249,User_1249,Hyundai Kona,100,Station_211,New York,2024-02-22 00:00,2024-02-22 01:10,54.55,1.6,19.1,17.03,Afternoon,Saturday,65.65,86.26,44.4,26.2,3,DC Fast Charger,Commuter
1250,User_1250,BMW i3,62,Station_277,Chicago,2024-02-22 01:00,2024-02-22 04:07,14.12,0.94,21.38,3.71,Afternoon,Friday,27.57,60.91,262.1,0.7,5,Level 2,Commuter
1251,User_1251,BMW i3,62,Station_24,Houston,2024-02-22 02:00,2024-02-22 03:26,11.32,1.82,39.96,3.06,Morning,Saturday,59.78,53.01,111.7,-0.9,5,Level 1,Long-Distance Traveler
1252,User_1252,Chevy Bolt,50,Station_486,Houston,2024-02-22 03:00,2024-02-22 06:26,26.59,1.72,24.45,25.2,Afternoon,Tuesday,77.98,91.45,191.4,5.3,1,Level 1,Long-Distance Traveler
1253,User_1253,Nissan Leaf,75,Station_4,Chicago,2024-02-22 04:00,2024-02-22 05:17,65.92,3.32,37.52,8.2,Evening,Wednesday,34.71,99.83,31.8,-0.6,3,Level 2,Commuter
1254,User_1254,BMW i3,62,Station_152,New York,2024-02-22 05:00,2024-02-22 06:41,37.52,0.8,0,9.59,Evening,Tuesday,26.14,69.59,238.8,-2.6,7,Level 2,Casual Driver
1255,User_1255,Chevy Bolt,100,Station_443,Los Angeles,2024-02-22 06:00,2024-02-22 09:26,20.07,2.47,48.07,13.66,Afternoon,Tuesday,27.43,68.09,35.4,6.2,0,DC Fast Charger,Casual Driver
1256,User_1256,Hyundai Kona,100,Station_483,New York,2024-02-22 07:00,2024-02-22 10:24,10.39,1.48,38.42,39.8,Evening,Wednesday,88.86,73.18,243.3,39.4,4,DC Fast Charger,Commuter
1257,User_1257,BMW i3,75,Station_259,Houston,2024-02-22 08:00,2024-02-22 09:25,5.89,1.24,40.78,11.65,Afternoon,Saturday,12.91,57.54,101,16.9,1,Level 2,Commuter
1258,User_1258,Chevy Bolt,75,Station_324,New York,2024-02-22 09:00,2024-02-22 10:34,48.52,3,6.02,6.77,Morning,Tuesday,53.07,90.08,120,37.1,6,Level 2,Commuter
1259,User_1259,Chevy Bolt,100,Station_357,Los Angeles,2024-02-22 10:00,2024-02-22 10:41,51.94,2.46,9.17,29.47,Morning,Monday,61.46,96.39,220.8,14.5,3,Level 1,Commuter
1260,User_1260,Tesla Model 3,85,Station_168,San Francisco,2024-02-22 11:00,2024-02-22 12:38,20.79,3.25,41.24,25.79,Evening,Saturday,49.97,63.11,259.9,22.9,2,Level 1,Long-Distance Traveler
1261,User_1261,Hyundai Kona,100,Station_176,New York,2024-02-22 12:00,2024-02-22 14:43,49.48,1.73,18.94,37.66,Evening,Sunday,23.26,53.99,49.1,-7.5,4,Level 1,Long-Distance Traveler
1262,User_1262,Tesla Model 3,75,Station_310,Chicago,2024-02-22 13:00,2024-02-22 14:58,25.53,0.43,0,25.02,Afternoon,Sunday,20.07,80.32,265.2,19,4,Level 1,Commuter
1263,User_1263,Nissan Leaf,50,Station_291,San Francisco,2024-02-22 14:00,2024-02-22 17:42,19.96,1.3,43.01,37.06,Night,Friday,15.82,53.37,51.4,30,2,Level 1,Casual Driver
1264,User_1264,Tesla Model 3,50,Station_479,Chicago,2024-02-22 15:00,2024-02-22 15:54,33.69,3.98,22.71,35.8,Afternoon,Wednesday,87.13,70.56,29.8,10.6,4,DC Fast Charger,Long-Distance Traveler
1265,User_1265,Tesla Model 3,50,Station_56,Chicago,2024-02-22 16:00,2024-02-22 16:30,45.16,0.92,31.31,39.25,Afternoon,Sunday,11.79,50.75,61.5,17.3,5,Level 1,Commuter
1266,User_1266,BMW i3,100,Station_108,Chicago,2024-02-22 17:00,2024-02-22 20:09,60.83,3.57,48.32,9.98,Morning,Wednesday,26.45,83.9,29.7,3.2,7,Level 2,Casual Driver
1267,User_1267,Chevy Bolt,75,Station_473,New York,2024-02-22 18:00,2024-02-22 20:40,0,1.23,43.98,22.56,Night,Saturday,76.7,87.03,286.3,15.6,3,DC Fast Charger,Long-Distance Traveler
1268,User_1268,Hyundai Kona,100,Station_296,Houston,2024-02-22 19:00,2024-02-22 20:18,47.68,1.42,37.75,36.55,Night,Monday,75.29,67.25,268.7,27.8,0,Level 1,Long-Distance Traveler
1269,User_1269,Tesla Model 3,85,Station_461,San Francisco,2024-02-22 20:00,2024-02-22 22:56,27.64,1.92,57.1,10.22,Afternoon,Monday,38.42,73.06,206.4,9.4,7,Level 1,Commuter
1270,User_1270,Hyundai Kona,62,Station_324,Los Angeles,2024-02-22 21:00,2024-02-22 22:29,66.46,3.89,47.72,21.57,Morning,Monday,61.05,70.39,250.9,18.4,0,Level 1,Casual Driver
1271,User_1271,Tesla Model 3,75,Station_302,Houston,2024-02-22 22:00,2024-02-23 01:06,0,0.55,37.25,15.37,Evening,Monday,19.89,62.23,49.1,-2.5,4,Level 2,Commuter
1272,User_1272,Nissan Leaf,75,Station_334,New York,2024-02-22 23:00,2024-02-23 02:27,0,2.34,36.93,25.86,Morning,Thursday,74.55,83.23,56.9,37.5,7,Level 1,Long-Distance Traveler
1273,User_1273,Tesla Model 3,62,Station_141,Chicago,2024-02-23 00:00,2024-02-23 00:31,10.2,3.99,36.8,36.57,Evening,Wednesday,67.36,94.85,132,12.6,1,Level 2,Casual Driver
1274,User_1274,BMW i3,85,Station_155,Los Angeles,2024-02-23 01:00,2024-02-23 02:42,67.61,3.93,23.4,24.02,Morning,Tuesday,65.53,55.09,227.1,6.1,0,Level 2,Long-Distance Traveler
1275,User_1275,Chevy Bolt,85,Station_262,San Francisco,2024-02-23 02:00,2024-02-23 05:33,8.94,3.62,35.32,9.93,Night,Wednesday,27.05,93.46,79.5,14.3,6,Level 1,Commuter
1276,User_1276,Nissan Leaf,62,Station_273,Houston,2024-02-23 03:00,2024-02-23 05:54,26.44,3.69,27.12,27.37,Morning,Sunday,63.48,80.48,265.6,14.4,3,Level 1,Commuter
1277,User_1277,Tesla Model 3,100,Station_420,Houston,2024-02-23 04:00,2024-02-23 07:37,42.02,0.73,13.3,13.09,Afternoon,Wednesday,55.04,70.45,1.9,14.6,5,DC Fast Charger,Long-Distance Traveler
1278,User_1278,Hyundai Kona,75,Station_232,Los Angeles,2024-02-23 05:00,2024-02-23 07:19,28,1.77,0,25.54,Evening,Wednesday,59.66,95.05,212.7,-6.9,0,DC Fast Charger,Commuter
1279,User_1279,Nissan Leaf,50,Station_241,New York,2024-02-23 06:00,2024-02-23 09:13,34.54,2.54,14.24,26.03,Morning,Monday,16.96,84.6,181.9,13,2,DC Fast Charger,Commuter
1280,User_1280,Nissan Leaf,100,Station_355,San Francisco,2024-02-23 07:00,2024-02-23 08:30,67.08,3.88,23.1,11.98,Morning,Monday,23.03,95.03,195.7,5,3,Level 2,Long-Distance Traveler
1281,User_1281,Tesla Model 3,100,Station_337,Los Angeles,2024-02-23 08:00,2024-02-23 08:46,39.71,3.78,18.69,24.19,Evening,Thursday,34.04,96.37,209.4,0.3,7,Level 1,Casual Driver
1282,User_1282,Nissan Leaf,50,Station_489,Chicago,2024-02-23 09:00,2024-02-23 10:18,6.45,2.25,11.02,5.39,Morning,Saturday,26.98,98.4,0,12.2,7,DC Fast Charger,Long-Distance Traveler
1283,User_1283,Hyundai Kona,62,Station_258,San Francisco,2024-02-23 10:00,2024-02-23 11:45,30.75,3.78,19.48,12.9,Evening,Wednesday,49.53,68.65,129.5,32,0,Level 2,Long-Distance Traveler
1284,User_1284,Nissan Leaf,50,Station_249,Houston,2024-02-23 11:00,2024-02-23 14:37,28.8,0.76,45.52,20.9,Night,Friday,73.69,81.23,22.3,-0.3,3,DC Fast Charger,Casual Driver
1285,User_1285,Hyundai Kona,64,Station_77,Los Angeles,2024-02-23 12:00,2024-02-23 14:57,30.99,1.93,0,35.73,Evening,Saturday,73.31,76.17,203.1,28.4,5,DC Fast Charger,Commuter
1286,User_1286,Tesla Model 3,100,Station_180,Houston,2024-02-23 13:00,2024-02-23 16:27,85.04,3.71,26.73,21.84,Evening,Sunday,32.36,55.99,279.9,22.7,7,Level 1,Casual Driver
1287,User_1287,Chevy Bolt,50,Station_66,Houston,2024-02-23 14:00,2024-02-23 16:40,47.77,2.68,32.99,30.86,Night,Thursday,13.71,97.59,221.5,15.4,6,Level 1,Long-Distance Traveler
1288,User_1288,Nissan Leaf,62,Station_308,Houston,2024-02-23 15:00,2024-02-23 16:12,57.45,1.12,35.73,26.41,Morning,Sunday,32.34,89.62,57.3,33.5,1,Level 2,Casual Driver
1289,User_1289,Chevy Bolt,50,Station_348,New York,2024-02-23 16:00,2024-02-23 17:26,45.94,1.81,16.56,22.15,Morning,Monday,77.01,73.31,232.6,27.6,0,Level 1,Commuter
1290,User_1290,Hyundai Kona,50,Station_171,Houston,2024-02-23 17:00,2024-02-23 18:19,49.53,0.81,42.14,24,Night,Sunday,79.74,53.91,279.4,4.5,5,DC Fast Charger,Casual Driver
1291,User_1291,Nissan Leaf,100,Station_474,Chicago,2024-02-23 18:00,2024-02-23 21:45,52.74,2.18,9.72,33.82,Afternoon,Wednesday,77.81,89.79,56.9,37.1,4,Level 2,Casual Driver
1292,User_1292,BMW i3,50,Station_22,Chicago,2024-02-23 19:00,2024-02-23 22:58,61.93,2.77,37.39,24.52,Evening,Monday,39.91,53.25,18,0.7,1,Level 2,Long-Distance Traveler
1293,User_1293,Chevy Bolt,85,Station_367,San Francisco,2024-02-23 20:00,2024-02-23 23:27,23.44,3.46,50.35,8.48,Morning,Saturday,81.16,93.28,22.6,14.8,5,Level 2,Casual Driver
1294,User_1294,Nissan Leaf,62,Station_107,Houston,2024-02-23 21:00,2024-02-23 22:06,8.32,0.73,11.74,20.7,Morning,Tuesday,38.55,56.85,271.5,35.8,3,Level 2,Long-Distance Traveler
1295,User_1295,Chevy Bolt,50,Station_439,Houston,2024-02-23 22:00,2024-02-23 23:15,10.19,3.41,29.83,18.82,Evening,Monday,63.63,22.89,83.9,26.5,6,Level 1,Commuter
1296,User_1296,Nissan Leaf,100,Station_323,Los Angeles,2024-02-23 23:00,2024-02-24 02:19,71.95,3.94,7.48,24.9,Evening,Monday,21.35,74.29,185.8,24.9,5,DC Fast Charger,Casual Driver
1297,User_1297,Tesla Model 3,100,Station_227,New York,2024-02-24 00:00,2024-02-24 00:44,9.21,2.42,43.77,27.71,Evening,Thursday,44.01,78.66,58.8,9.6,7,Level 1,Casual Driver
1298,User_1298,Chevy Bolt,80,Station_444,San Francisco,2024-02-24 01:00,2024-02-24 04:10,21.92,1.67,6.45,7.49,Afternoon,Tuesday,69.63,62.8,198.6,29.1,7,Level 1,Long-Distance Traveler
1299,User_1299,BMW i3,85,Station_442,Houston,2024-02-24 02:00,2024-02-24 03:49,21.8,1.17,37.74,27.46,Night,Saturday,55.13,68.55,39,-4.1,5,Level 2,Long-Distance Traveler
1300,User_1300,BMW i3,62,Station_396,Los Angeles,2024-02-24 03:00,2024-02-24 05:48,27.99,1.48,41.52,7.26,Afternoon,Friday,87.54,57.43,42.8,3.9,5,Level 1,Commuter
1301,User_1301,Hyundai Kona,62,Station_216,New York,2024-02-24 04:00,2024-02-24 06:57,35.76,1.93,22.87,17.07,Afternoon,Friday,11.85,114.17,273.5,39.2,3,Level 1,Long-Distance Traveler
1302,User_1302,Nissan Leaf,85,Station_69,San Francisco,2024-02-24 05:00,2024-02-24 05:53,7.92,1.79,31.75,27.96,Evening,Friday,69.71,55.14,18.8,11.8,3,DC Fast Charger,Long-Distance Traveler
1303,User_1303,Chevy Bolt,61,Station_84,San Francisco,2024-02-24 06:00,2024-02-24 08:34,26.18,4.3,11.08,11.41,Night,Wednesday,35.3,82.02,76.3,-8.6,3,Level 2,Commuter
1304,User_1304,Hyundai Kona,81,Station_103,Houston,2024-02-24 07:00,2024-02-24 10:41,0,1.7,13.49,14.32,Morning,Friday,83.09,76.5,11.3,13.7,5,Level 1,Long-Distance Traveler
1305,User_1305,Chevy Bolt,46,Station_39,San Francisco,2024-02-24 08:00,2024-02-24 10:27,60.25,2.74,42.34,21.1,Evening,Wednesday,38.88,51.85,173.3,31.5,6,Level 2,Long-Distance Traveler
1306,User_1306,Nissan Leaf,50,Station_13,Los Angeles,2024-02-24 09:00,2024-02-24 10:49,15.69,2.13,14.19,9.25,Night,Saturday,83.92,66.78,194.8,12.3,1,DC Fast Charger,Long-Distance Traveler
1307,User_1307,BMW i3,75,Station_297,San Francisco,2024-02-24 10:00,2024-02-24 12:03,54.83,0.56,45.86,22.93,Morning,Saturday,71.31,96.8,69.7,23.6,5,Level 1,Long-Distance Traveler
1308,User_1308,Tesla Model 3,85,Station_313,Chicago,2024-02-24 11:00,2024-02-24 12:34,65.23,1.57,17.13,5.71,Afternoon,Monday,48.17,61.35,35.6,33.9,4,DC Fast Charger,Commuter
1309,User_1309,BMW i3,75,Station_181,Los Angeles,2024-02-24 12:00,2024-02-24 13:57,6.43,0.93,9.03,16.43,Night,Friday,71.49,73.29,210,21.7,2,DC Fast Charger,Commuter
1310,User_1310,Hyundai Kona,50,Station_493,New York,2024-02-24 13:00,2024-02-24 14:57,16.13,3.91,4.19,27.64,Afternoon,Thursday,61.13,71.02,82.9,29.2,5,Level 2,Long-Distance Traveler
1311,User_1311,Tesla Model 3,62,Station_268,New York,2024-02-24 14:00,2024-02-24 17:50,66.98,0.78,13.79,38.83,Afternoon,Saturday,64.13,94.36,0,36.4,1,Level 2,Casual Driver
1312,User_1312,Hyundai Kona,50,Station_13,Houston,2024-02-24 15:00,2024-02-24 18:53,74.28,2.85,25.07,38.19,Night,Tuesday,41.34,50.41,194.8,7.7,3,Level 2,Commuter
1313,User_1313,Nissan Leaf,75,Station_120,Houston,2024-02-24 16:00,2024-02-24 18:54,39.73,1.25,21.4,19.41,Morning,Tuesday,55.86,85.12,0,24.1,0,Level 1,Casual Driver
1314,User_1314,Tesla Model 3,129,Station_458,Chicago,2024-02-24 17:00,2024-02-24 19:35,60.73,2.37,10.49,11.29,Night,Saturday,41.86,94.1,279.6,-1.4,3,Level 2,Long-Distance Traveler
1315,User_1315,Hyundai Kona,50,Station_353,New York,2024-02-24 18:00,2024-02-24 19:58,43.25,2.5,63.22,36.36,Morning,Monday,62.11,65.2,220.3,1.6,5,Level 1,Long-Distance Traveler
1316,User_1316,Nissan Leaf,100,Station_57,New York,2024-02-24 19:00,2024-02-24 20:30,42.01,1.43,5.9,22.08,Evening,Sunday,39.2,83.92,239.6,1.9,7,DC Fast Charger,Commuter
1317,User_1317,BMW i3,100,Station_40,New York,2024-02-24 20:00,2024-02-24 20:44,68.19,3.24,18.39,5.07,Evening,Tuesday,31.46,93.1,164.4,34,4,Level 2,Casual Driver
1318,User_1318,Nissan Leaf,100,Station_374,New York,2024-02-24 21:00,2024-02-24 23:03,18.9,3.27,45.48,37.26,Evening,Tuesday,71.9,78.68,226.5,20.4,5,DC Fast Charger,Commuter
1319,User_1319,Chevy Bolt,85,Station_336,San Francisco,2024-02-24 22:00,2024-02-24 23:20,13.76,2.75,38.15,39.05,Afternoon,Sunday,76.19,65.93,291.5,24.1,5,Level 2,Commuter
1320,User_1320,Nissan Leaf,120.4471952,Station_128,Los Angeles,2024-02-24 23:00,2024-02-24 23:56,63.65,3.74,33.7,10.86,Evening,Monday,59.34,56.69,14.4,-7,5,DC Fast Charger,Commuter
